-- MySQL dump 10.13  Distrib 8.0.22, for macos10.15 (x86_64)
--
-- Host: 49.50.172.81    Database: goladb
-- ------------------------------------------------------
-- Server version	8.0.29

/*!40101 SET @OLD_CHARACTER_SET_CLIENT=@@CHARACTER_SET_CLIENT */;
/*!40101 SET @OLD_CHARACTER_SET_RESULTS=@@CHARACTER_SET_RESULTS */;
/*!40101 SET @OLD_COLLATION_CONNECTION=@@COLLATION_CONNECTION */;
/*!50503 SET NAMES utf8 */;
/*!40103 SET @OLD_TIME_ZONE=@@TIME_ZONE */;
/*!40103 SET TIME_ZONE='+00:00' */;
/*!40014 SET @OLD_UNIQUE_CHECKS=@@UNIQUE_CHECKS, UNIQUE_CHECKS=0 */;
/*!40014 SET @OLD_FOREIGN_KEY_CHECKS=@@FOREIGN_KEY_CHECKS, FOREIGN_KEY_CHECKS=0 */;
/*!40101 SET @OLD_SQL_MODE=@@SQL_MODE, SQL_MODE='NO_AUTO_VALUE_ON_ZERO' */;
/*!40111 SET @OLD_SQL_NOTES=@@SQL_NOTES, SQL_NOTES=0 */;

--
-- Table structure for table `board`
--

DROP TABLE IF EXISTS `board`;
/*!40101 SET @saved_cs_client     = @@character_set_client */;
/*!50503 SET character_set_client = utf8mb4 */;
CREATE TABLE `board` (
  `bno` int NOT NULL AUTO_INCREMENT,
  `title` varchar(100) CHARACTER SET utf8mb3 COLLATE utf8_bin NOT NULL,
  `content` text CHARACTER SET utf8mb3 COLLATE utf8_bin NOT NULL,
  `writer` varchar(30) CHARACTER SET utf8mb3 COLLATE utf8_bin NOT NULL,
  `view_cnt` int DEFAULT '0',
  `comment_cnt` int DEFAULT '0',
  `reg_date` datetime DEFAULT CURRENT_TIMESTAMP,
  `up_date` datetime DEFAULT CURRENT_TIMESTAMP,
  `level` varchar(45) CHARACTER SET utf8mb3 COLLATE utf8_bin DEFAULT NULL,
  PRIMARY KEY (`bno`)
) ENGINE=InnoDB AUTO_INCREMENT=28 DEFAULT CHARSET=utf8mb3 COLLATE=utf8_bin;
/*!40101 SET character_set_client = @saved_cs_client */;

--
-- Dumping data for table `board`
--

LOCK TABLES `board` WRITE;
/*!40000 ALTER TABLE `board` DISABLE KEYS */;
INSERT INTO `board` VALUES (2,'고양이도 반한 맛','남아도는 라면 + @\r\n3분이면 뚝딱 가능해서 좋아요!','martin1341',44,7,'2022-04-28 15:42:24','2022-04-29 11:38:13','하'),(4,'집에서 딸기샌드위치','역시 생크림은 귀찮은 거 같아요. 휘핑기 사놓고 다섯 번도 안 쓴 거 같지만 이후에도 종종 쓸 수 있지 않을까요...? 딸기 산도는 모양이 좀 그렇긴 했지만 맛은 있었답니다','ojawl1204',33,3,'2022-04-28 16:07:49','2022-04-29 11:37:57','하'),(5,'집에서 해먹은 계란말이','계란말이가 너무 예쁘게 돼서 사진을 찍었다 역시 작은 네모 후라이팬이 잘된다','ojawl1204',35,4,'2022-04-28 16:09:01','2022-04-29 11:37:18','하'),(6,'해방촌 맛집','데칼코마니! 다 맛있으니까 꼭 가보셔요','1234',16,3,'2022-04-28 16:12:54','2022-04-29 11:43:18','상'),(7,'딸기탕후루','만드는 것도 재밌고 물 넣고 끓이면 설탕도 금방 녹아서 뒷처리도 쉬웠다!','1234',28,4,'2022-04-28 16:15:22','2022-04-29 11:42:19','하'),(8,'여수 여행!','감성있고 밥도 다 맛있어서 너무 좋았다! 사진엔 없지만 여기서 삼합에 갓김치를 먹고 새로운 맛에 눈을 떴던 기억이 있다 갓김치 최고','1234',17,2,'2022-04-28 16:18:13','2022-04-29 11:42:03','상'),(9,'집앞에서...','케이크 보고 가세요','tkdalsgks',42,2,'2022-04-28 16:19:31','2022-04-29 11:36:59','하'),(10,'일본일본','규카츠가 미쳤다','1234',49,2,'2022-04-28 16:19:48','2022-04-29 11:40:48','상'),(11,'밥솥으로 만들어 먹는 백숙','1. 마트에서 쉽게 구할 수 있는 백숙용 생닭을 준비합니다\r\n\r\n2. 기름이 많은 생닭 꼬리부분을 자르고 인삼, 마늘, 대추, 대파등을 넣어줍니다.\r\n\r\n3. 기호에 따라 찹쌀이나 생쌀을 넣고 닭이 반쯤 잠길만큼 물을 부어줍니다.\r\n\r\n4. 가정용 전기밥솥 기준 1시간 10분이상 취사해주시면 완성~\r\n(백숙모드도 가능합니다)','martin1341',50,3,'2022-04-28 16:29:41','2022-04-29 11:37:32','중'),(12,'고기듬뿍 김치찌개','김치찌개는 목살!','martin1341',41,2,'2022-04-28 16:37:26','2022-04-29 11:36:36','중'),(13,'맛있는 오마카세','맛있긴 한데 되게 오묘했던 오마카세~_~','test1122',23,2,'2022-04-29 11:38:34','2022-04-29 11:45:35','상'),(14,'서울여행','남영돈 엄청 추천 드립니다 겁나 맛있어 헉헉...','jaehong20',31,2,'2022-04-29 11:39:39','2022-04-29 11:39:39','상'),(15,'새우치킨','숨은 강자. 치킨매니아의 새우치킨. 안 먹어보셨다면 시켜먹어보세요. 떡볶이도 같이 파는데 떡볶이도 맛있음 .. ','test1122',111,12,'2022-04-29 11:40:38','2022-04-29 11:40:52','하'),(16,'고양이도 반한 맛2',' ','martin1341',37,1,'2022-04-29 11:41:52','2022-04-29 13:42:02','하'),(17,'간단한 집밥','된찌에 삼겹살 구워서. 삼겹살은 초장찍어먹으면 짱맛입니다. ','test1122',29,0,'2022-04-29 11:48:30','2022-04-29 11:48:30','하');
/*!40000 ALTER TABLE `board` ENABLE KEYS */;
UNLOCK TABLES;

--
-- Table structure for table `cart`
--

DROP TABLE IF EXISTS `cart`;
/*!40101 SET @saved_cs_client     = @@character_set_client */;
/*!50503 SET character_set_client = utf8mb4 */;
CREATE TABLE `cart` (
  `cno` int NOT NULL AUTO_INCREMENT,
  `userId` varchar(20) DEFAULT NULL,
  `pno` int DEFAULT NULL,
  `camount` int DEFAULT '1',
  PRIMARY KEY (`cno`),
  KEY `userId_idx` (`userId`),
  KEY `pno_idx` (`pno`),
  CONSTRAINT `pno` FOREIGN KEY (`pno`) REFERENCES `product` (`pno`),
  CONSTRAINT `userId` FOREIGN KEY (`userId`) REFERENCES `user` (`userId`)
) ENGINE=InnoDB AUTO_INCREMENT=100 DEFAULT CHARSET=utf8mb4 COLLATE=utf8mb4_0900_ai_ci;
/*!40101 SET character_set_client = @saved_cs_client */;

--
-- Dumping data for table `cart`
--

LOCK TABLES `cart` WRITE;
/*!40000 ALTER TABLE `cart` DISABLE KEYS */;
/*!40000 ALTER TABLE `cart` ENABLE KEYS */;
UNLOCK TABLES;

--
-- Table structure for table `comment`
--

DROP TABLE IF EXISTS `comment`;
/*!40101 SET @saved_cs_client     = @@character_set_client */;
/*!50503 SET character_set_client = utf8mb4 */;
CREATE TABLE `comment` (
  `cno` int NOT NULL AUTO_INCREMENT,
  `bno` int NOT NULL,
  `pcno` int DEFAULT NULL,
  `comment` varchar(3000) DEFAULT NULL,
  `commenter` varchar(20) DEFAULT NULL,
  `reg_date` datetime DEFAULT CURRENT_TIMESTAMP,
  `up_date` datetime DEFAULT CURRENT_TIMESTAMP,
  PRIMARY KEY (`cno`),
  KEY `commenter` (`commenter`),
  CONSTRAINT `comment_ibfk_1` FOREIGN KEY (`commenter`) REFERENCES `user` (`userId`)
) ENGINE=InnoDB AUTO_INCREMENT=93 DEFAULT CHARSET=utf8mb4 COLLATE=utf8mb4_0900_ai_ci;
/*!40101 SET character_set_client = @saved_cs_client */;

--
-- Dumping data for table `comment`
--

LOCK TABLES `comment` WRITE;
/*!40000 ALTER TABLE `comment` DISABLE KEYS */;
INSERT INTO `comment` VALUES (5,2,NULL,'고양이가 예쁘네요!','tkdalsgks','2022-04-28 15:51:12','2022-04-28 15:51:12'),(6,2,5,'감사합니다!','martin1341','2022-04-28 15:53:44','2022-04-28 15:53:44'),(11,2,NULL,'고양이가 귀엽네요!','ojawl1204','2022-04-28 16:02:08','2022-04-28 16:02:08'),(13,2,NULL,'고양이가 고양이네요!','jaehong20','2022-04-28 16:03:34','2022-04-28 16:03:34'),(14,4,NULL,'귀엽네요','jaehong20','2022-04-28 16:08:08','2022-04-28 16:08:21'),(15,5,NULL,'귀엽네요','jaehong20','2022-04-28 16:09:14','2022-04-28 16:09:14'),(16,2,13,'ㅋㅋㅋㅋㅋㅋㅋㅋㅋㅋㅋㅋㅋㅋ','tkdalsgks','2022-04-28 16:10:00','2022-04-28 16:10:00'),(17,5,15,'아니 왜 댓글이 다 똑같죠','tkdalsgks','2022-04-28 16:11:17','2022-04-28 16:11:17'),(18,5,NULL,'색이 정말 예뻐요','tkdalsgks','2022-04-28 16:11:34','2022-04-28 16:11:43'),(19,6,NULL,'파스타가 엄청 맛있어보이네요 나중에 같이가요!','jaehong20','2022-04-28 16:15:00','2022-04-28 16:15:00'),(20,2,13,'ㅋㅋㅋㅋㅋㅋ','1234','2022-04-28 16:16:01','2022-04-28 16:16:01'),(21,8,NULL,'소주를 좋아하시나봐요!','jaehong20','2022-04-28 16:19:11','2022-04-28 16:19:11'),(22,7,NULL,'딸기 꼭지가 있는 게 불편하네요!','jaehong20','2022-04-28 16:19:22','2022-04-28 16:19:22'),(23,9,NULL,'직접 만드신건가요?? 대박이네요!','jaehong20','2022-04-28 16:20:13','2022-04-28 16:20:13'),(24,10,NULL,'이치란 라멘 저도 먹어봤어요! 규카츠도 먹어보고 싶네요','jaehong20','2022-04-28 16:20:36','2022-04-28 16:20:36'),(26,4,14,'아..넵,,','1234','2022-04-28 16:21:20','2022-04-28 16:21:20'),(29,7,22,'탕후루는 딸기 꼭지 두는 게 좋다고 봤어요! 과즙때문에 망할 수 있대요','1234','2022-04-28 16:22:27','2022-04-28 16:22:27'),(30,8,21,'여수 밤바다라고 써있더라구요','1234','2022-04-28 16:22:53','2022-04-28 16:22:53'),(31,9,NULL,'크레이프 맛있겠네요!','1234','2022-04-28 16:23:12','2022-04-28 16:23:12'),(32,10,24,'규카츠가 정말 맛있어요','1234','2022-04-28 16:23:25','2022-04-28 16:23:25'),(34,11,NULL,'오 누룽지 백숙 엄청 좋아하는데 생각보다 쉽네요!','1234','2022-04-28 16:32:25','2022-04-28 16:32:25'),(36,11,NULL,'닭은 치킨이죠!','jaehong20','2022-04-28 16:32:56','2022-04-28 16:32:56'),(37,12,NULL,'와 고기 진짜 많아보이네요','ojawl1204','2022-04-28 16:40:08','2022-04-28 16:40:08'),(38,4,NULL,'딸기가 싱싱해보이네요!','martin1341','2022-04-28 16:43:52','2022-04-28 16:43:52'),(39,5,NULL,'케첩으로 얼굴 그려주고 싶어요','martin1341','2022-04-28 16:44:26','2022-04-28 16:44:26'),(40,6,NULL,'뒤쪽 작은접시에 빨간게 궁금해요~','martin1341','2022-04-28 16:45:42','2022-04-28 16:45:42'),(41,7,22,'몰랐던 꿀팁이네요 감사합니다!','martin1341','2022-04-28 16:46:59','2022-04-28 16:46:59'),(42,2,13,'감사합 감사합니다!','martin1341','2022-04-28 16:48:11','2022-04-28 16:48:11'),(59,15,NULL,'새우 진짜 미쳤네요...','jaehong20','2022-04-29 11:41:24','2022-04-29 11:41:24'),(60,15,NULL,'저 진짜 지금 배고픈데 이거 하나만 시켜주세요ㅠㅠ','tkdalsgks','2022-04-29 11:42:35','2022-04-29 11:42:35'),(61,6,40,'저건 무피클이랍니다!','1234','2022-04-29 11:43:39','2022-04-29 11:43:39'),(63,14,NULL,'남영돈..웨이팅 할 자신이 없어요....','test1122','2022-04-29 11:46:09','2022-04-29 11:46:09'),(64,12,NULL,'역시 김치찌개는 돼지고기 김치찌개','test1122','2022-04-29 11:46:30','2022-04-29 11:46:30'),(65,15,59,'맞아요 새우 진짜..','tkdalsgks','2022-04-29 13:06:46','2022-04-29 13:06:46'),(66,16,NULL,'ㅋㅋㅋ 고양이 귀여워요','test1122','2022-04-29 13:07:03','2022-04-29 13:07:03'),(67,11,NULL,'백숙 만들기 정말 쉬워보이는데요? 밥솥으로?','tkdalsgks','2022-04-29 13:07:15','2022-04-29 13:07:15'),(68,13,NULL,'여긴 어딥니까.... 비싸 보입니다....','tkdalsgks','2022-04-29 13:07:48','2022-04-29 13:07:48'),(69,15,59,'새우 추가옵션도 있떠라구요 ... 가끔 치킨말고 새우만 먹고 싶기도 해요','test1122','2022-04-29 13:07:58','2022-04-29 13:07:58'),(70,15,NULL,'와 진짜 맛있어 보이네요!','1234','2022-04-29 13:08:01','2022-04-29 13:08:01'),(71,7,22,'오 저도 몰랐어요!','test1122','2022-04-29 13:09:49','2022-04-29 13:09:49'),(72,13,68,'이태원입니다 ... 경리단길..','test1122','2022-04-29 13:10:21','2022-04-29 13:10:21'),(76,15,NULL,'점심 맛잇게 드셨나요? 저는 배가 너무 부릅니다 대박이죠?','jaehong20','2022-04-29 13:26:59','2022-04-29 13:26:59'),(80,15,NULL,'저희집 고양이도 좋아할거같아요!','martin1341','2022-04-29 13:38:28','2022-04-29 13:38:28'),(81,15,60,'불금에 치킨 고고!','test1122','2022-04-29 13:38:29','2022-04-29 13:38:29'),(82,15,70,'진짜 맛잇어요 ㅠㅠ','test1122','2022-04-29 13:38:39','2022-04-29 13:38:39'),(83,15,76,'배가 불러도 새우는 집어 먹을 수 있답니다','test1122','2022-04-29 13:39:01','2022-04-29 13:39:01'),(84,15,80,'엄맛 고양이 ㅎㅎ 같이 못 먹어서 아쉽네요','test1122','2022-04-29 13:39:30','2022-04-29 13:39:30'),(88,15,NULL,'오','asdf1234','2022-04-29 14:47:18','2022-04-29 14:47:18'),(92,14,63,'하하하','jaehong20','2022-05-09 13:32:28','2022-05-09 13:32:28');
/*!40000 ALTER TABLE `comment` ENABLE KEYS */;
UNLOCK TABLES;

--
-- Table structure for table `files`
--

DROP TABLE IF EXISTS `files`;
/*!40101 SET @saved_cs_client     = @@character_set_client */;
/*!50503 SET character_set_client = utf8mb4 */;
CREATE TABLE `files` (
  `fno` int NOT NULL COMMENT '파일테이블키',
  `bno` varchar(45) CHARACTER SET utf8mb4 COLLATE utf8mb4_unicode_ci DEFAULT NULL COMMENT '게시글번호',
  `file_name` varchar(100) CHARACTER SET utf8mb4 COLLATE utf8mb4_unicode_ci DEFAULT NULL COMMENT '파일명',
  `file_ext` varchar(45) CHARACTER SET utf8mb4 COLLATE utf8mb4_unicode_ci DEFAULT NULL COMMENT '파일확장자',
  `file_path` varchar(100) CHARACTER SET utf8mb4 COLLATE utf8mb4_unicode_ci DEFAULT NULL COMMENT '파일 경로',
  `file_savename` varchar(100) CHARACTER SET utf8mb4 COLLATE utf8mb4_unicode_ci DEFAULT NULL COMMENT '파일 저장명',
  `file_size` int DEFAULT NULL COMMENT '파일사이즈',
  PRIMARY KEY (`fno`)
) ENGINE=InnoDB DEFAULT CHARSET=utf8mb4 COLLATE=utf8mb4_unicode_ci;
/*!40101 SET character_set_client = @saved_cs_client */;

--
-- Dumping data for table `files`
--

LOCK TABLES `files` WRITE;
/*!40000 ALTER TABLE `files` DISABLE KEYS */;
INSERT INTO `files` VALUES (1,'1','1620880207 (1).jpg',NULL,'/usr/gola/apache-tomcat-9.0.62/webapps/upload//','14d8a7f8d2914a98b525941853f02630.jpg',83043),(4,'admin','ad9acb629eea45c5a25ec8ed72ea0293.png',NULL,'/usr/gola/apache-tomcat-9.0.62/webapps/upload//','c8f5838c0dc843408bf6f885c2305fa9.png',7904),(39,'test4','\'VR_pC4.jpg',NULL,'/usr/gola/apache-tomcat-9.0.62/webapps/upload//','c7bb9536cb5a48ecb52b49636e3bfc4f.jpg',223404),(60,'12','KakaoTalk_20220428_161505861_02.gif',NULL,'/usr/gola/apache-tomcat-9.0.62/webapps/upload//','df86d99c21f64725b1f2c5e48368b07b.gif',2188607),(61,'9','IMG_5518.jpeg',NULL,'/usr/gola/apache-tomcat-9.0.62/webapps/upload//','9073762d9cbb4027841219e50c57c79b.jpeg',1656675),(62,'9','IMG_5516.jpeg',NULL,'/usr/gola/apache-tomcat-9.0.62/webapps/upload//','df85790863c44572b5f977160296f1cb.jpeg',2836203),(63,'9','IMG_5515.jpeg',NULL,'/usr/gola/apache-tomcat-9.0.62/webapps/upload//','94a43d1c3743469288dce3e076422609.jpeg',2855484),(64,'5','KakaoTalk_Photo_2022-04-28-16-05-48 007.jpeg',NULL,'/usr/gola/apache-tomcat-9.0.62/webapps/upload//','5dbee2f8efdf4639b1d3d402adc6cecf.jpeg',308697),(65,'5','KakaoTalk_Photo_2022-04-28-16-05-49 008.jpeg',NULL,'/usr/gola/apache-tomcat-9.0.62/webapps/upload//','613e9aaf1d4a4352ab5744ca2e7b2fb7.jpeg',714897),(66,'11','KakaoTalk_20220428_161505861.gif',NULL,'/usr/gola/apache-tomcat-9.0.62/webapps/upload//','b7d5a8dae5c84ec7b0582486b0b7810d.gif',4922685),(67,'4','KakaoTalk_Photo_2022-04-28-16-05-25 012.jpeg',NULL,'/usr/gola/apache-tomcat-9.0.62/webapps/upload//','f1b710abbe034d52ad68fa2d2006c17f.jpeg',443052),(68,'jaehong20','KakaoTalk_20220428_100300343.jpg',NULL,'/usr/gola/apache-tomcat-9.0.62/webapps/upload//','23febc8ae0934bf9b15e298ac0c2fb25.jpg',82435),(70,'2','1620880207 (1).jpg',NULL,'/usr/gola/apache-tomcat-9.0.62/webapps/upload//','324d9655204c41f2bac8b85f54ad317a.jpg',83043),(71,'ojawl1204','1EF86DFE-93F7-451B-B679-24BC0050FA9D.JPG',NULL,'/usr/gola/apache-tomcat-9.0.62/webapps/upload//','d2af7b3ef18a46c7ab71fe07dc79d57c.JPG',2110098),(72,'jaehong20','KakaoTalk_20220428_100300343.jpg',NULL,'/usr/gola/apache-tomcat-9.0.62/webapps/upload//','d73bcc7548bd4843b2cc5ff37a8da029.jpg',82435),(74,'test1122','logo.jpg',NULL,'/usr/gola/apache-tomcat-9.0.62/webapps/upload//','67cb22d123244e998aab82148bd8995c.jpg',52781),(76,'14','KakaoTalk_20220428_155543790.jpg',NULL,'/usr/gola/apache-tomcat-9.0.62/webapps/upload//','03973d82526f4d679f4245b381ff7f85.jpg',578133),(77,'14','KakaoTalk_20220428_155543790_01.jpg',NULL,'/usr/gola/apache-tomcat-9.0.62/webapps/upload//','766bfe45694b4c91a28edeb906cb6222.jpg',496704),(78,'14','KakaoTalk_20220428_155543790_02.jpg',NULL,'/usr/gola/apache-tomcat-9.0.62/webapps/upload//','f2726f5ec181468390242069745bd5aa.jpg',709927),(79,'15','KakaoTalk_20220429_112650499.jpg',NULL,'/usr/gola/apache-tomcat-9.0.62/webapps/upload//','9ae0344c89014a33a325ce4ef51cf0d0.jpg',2793394),(80,'10','KakaoTalk_Photo_2022-04-28-16-05-48 001.jpeg',NULL,'/usr/gola/apache-tomcat-9.0.62/webapps/upload//','685b8239cc394f84989cbc84ba1acb38.jpeg',514277),(81,'10','KakaoTalk_Photo_2022-04-28-16-05-48 004.jpeg',NULL,'/usr/gola/apache-tomcat-9.0.62/webapps/upload//','f4fa0de761614309a9d597a604e066a0.jpeg',517464),(82,'10','KakaoTalk_Photo_2022-04-28-16-05-48 006.jpeg',NULL,'/usr/gola/apache-tomcat-9.0.62/webapps/upload//','853f0a28abf04e39b3cd462d1723f45f.jpeg',758426),(83,'16','1620880207 (2).jpg',NULL,'/usr/gola/apache-tomcat-9.0.62/webapps/upload//','5786de66dc6c48e58fd9b093432dc4c6.jpg',106493),(84,'8','KakaoTalk_Photo_2022-04-28-16-05-26 026.jpeg',NULL,'/usr/gola/apache-tomcat-9.0.62/webapps/upload//','3606c0430ca2474494425dc35751b302.jpeg',489123),(85,'8','KakaoTalk_Photo_2022-04-28-16-05-26 025.jpeg',NULL,'/usr/gola/apache-tomcat-9.0.62/webapps/upload//','0aaaa647d352487f9ebe2e4b90f2b77f.jpeg',662596),(86,'8','KakaoTalk_Photo_2022-04-28-16-05-27 027.jpeg',NULL,'/usr/gola/apache-tomcat-9.0.62/webapps/upload//','d564d0c36522440c92cfcf6a2875462c.jpeg',533735),(87,'7','KakaoTalk_Photo_2022-04-28-16-05-27 028.jpeg',NULL,'/usr/gola/apache-tomcat-9.0.62/webapps/upload//','5c855cc1ad0a42d9afa1e158e9083213.jpeg',380651),(88,'martin1341','1.gif',NULL,'/usr/gola/apache-tomcat-9.0.62/webapps/upload//','95088da2e4074dc6a976b07b838015d0.gif',5454978),(89,'6','KakaoTalk_Photo_2022-04-28-16-05-25 013.jpeg',NULL,'/usr/gola/apache-tomcat-9.0.62/webapps/upload//','14630f62be294ca090c4e758b9604d20.jpeg',364935),(90,'6','KakaoTalk_Photo_2022-04-28-16-05-25 014.jpeg',NULL,'/usr/gola/apache-tomcat-9.0.62/webapps/upload//','4146b625e43241dc85a25fbe734008d9.jpeg',336133),(93,'13','KakaoTalk_20220429_114333207.jpg',NULL,'/usr/gola/apache-tomcat-9.0.62/webapps/upload//','fccd77c82147455b828720ae34268a8a.jpg',1330527),(94,'13','KakaoTalk_20220429_114333207_01.jpg',NULL,'/usr/gola/apache-tomcat-9.0.62/webapps/upload//','5d0ec2850def448fb8a87fa3129566ea.jpg',2883718),(95,'13','KakaoTalk_20220429_112705372.jpg',NULL,'/usr/gola/apache-tomcat-9.0.62/webapps/upload//','c1bb7c565b3042c28c382b39b167fbc0.jpg',2789844),(96,'17','KakaoTalk_20220429_114740644.jpg',NULL,'/usr/gola/apache-tomcat-9.0.62/webapps/upload//','a300610e05d44be88b54e3c431d06724.jpg',1256184),(100,'tkdalsgks','profile.png',NULL,'/usr/gola/apache-tomcat-9.0.62/webapps/upload//','bf9ca52a0dc44ecc9ba9256beb4fafe9.png',19843),(101,'1234','ggobu.jpeg',NULL,'/usr/gola/apache-tomcat-9.0.62/webapps/upload//','14bdd6be19184086b6625047f478e615.jpeg',6095);
/*!40000 ALTER TABLE `files` ENABLE KEYS */;
UNLOCK TABLES;

--
-- Table structure for table `order`
--

DROP TABLE IF EXISTS `order`;
/*!40101 SET @saved_cs_client     = @@character_set_client */;
/*!50503 SET character_set_client = utf8mb4 */;
CREATE TABLE `order` (
  `oNo` int NOT NULL AUTO_INCREMENT,
  `orderNo` varchar(20) DEFAULT NULL,
  `oUserId` varchar(20) DEFAULT NULL,
  `oName` varchar(20) DEFAULT NULL,
  `oPhone` varchar(11) DEFAULT NULL,
  `oZipcode` varchar(7) DEFAULT NULL,
  `oAddr1` varchar(100) DEFAULT NULL,
  `oAddr2` varchar(30) DEFAULT NULL,
  `oRequest` varchar(20) NOT NULL,
  `oRegdate` datetime DEFAULT NULL,
  PRIMARY KEY (`oNo`),
  KEY `userId_idx` (`oUserId`),
  CONSTRAINT `oUserId` FOREIGN KEY (`oUserId`) REFERENCES `user` (`userId`)
) ENGINE=InnoDB DEFAULT CHARSET=utf8mb4 COLLATE=utf8mb4_0900_ai_ci;
/*!40101 SET character_set_client = @saved_cs_client */;

--
-- Dumping data for table `order`
--

LOCK TABLES `order` WRITE;
/*!40000 ALTER TABLE `order` DISABLE KEYS */;
/*!40000 ALTER TABLE `order` ENABLE KEYS */;
UNLOCK TABLES;

--
-- Table structure for table `product`
--

DROP TABLE IF EXISTS `product`;
/*!40101 SET @saved_cs_client     = @@character_set_client */;
/*!50503 SET character_set_client = utf8mb4 */;
CREATE TABLE `product` (
  `pno` int NOT NULL,
  `pName` varchar(200) DEFAULT NULL,
  `pKind` varchar(1) DEFAULT NULL,
  `pPrice` int DEFAULT '0',
  `pPoints` int DEFAULT NULL,
  `pContent` varchar(50) DEFAULT NULL,
  `pImage` varchar(50) DEFAULT NULL,
  `pRegdate` datetime DEFAULT NULL,
  PRIMARY KEY (`pno`)
) ENGINE=InnoDB DEFAULT CHARSET=utf8mb4 COLLATE=utf8mb4_0900_ai_ci;
/*!40101 SET character_set_client = @saved_cs_client */;

--
-- Dumping data for table `product`
--

LOCK TABLES `product` WRITE;
/*!40000 ALTER TABLE `product` DISABLE KEYS */;
INSERT INTO `product` VALUES (1,'감자','',5990,30,'/images/shop/content/Content_001.png','/images/shop/thumnail/Thum_001.jpg','2022-05-16 15:05:02'),(2,'감자전분','',3400,17,'/images/shop/content/Content_002.png','/images/shop/thumnail/Thum_002.jpg','2022-05-16 15:05:02'),(3,'강황가루','',4290,21,'/images/shop/content/Content_003.png','/images/shop/thumnail/Thum_003.jpg','2022-05-16 15:05:02'),(4,'건다시마','',3400,17,'/images/shop/content/Content_004.png','/images/shop/thumnail/Thum_004.jpg','2022-05-16 15:05:02'),(5,'건멸치','',5400,27,'/images/shop/content/Content_005.png','/images/shop/thumnail/Thum_005.jpg','2022-05-16 15:05:02'),(6,'건새우','',3990,20,'/images/shop/content/Content_006.png','/images/shop/thumnail/Thum_006.jpg','2022-05-16 15:05:02'),(7,'검은깨','',4300,22,'/images/shop/content/Content_007.png','/images/shop/thumnail/Thum_007.jpg','2022-05-16 15:05:02'),(8,'겨자가루','',5000,25,'/images/shop/content/Content_008.png','/images/shop/thumnail/Thum_008.jpg','2022-05-16 15:05:02'),(9,'계란','',3800,19,'/images/shop/content/Content_009.png','/images/shop/thumnail/Thum_009.jpg','2022-05-16 15:05:02'),(10,'계피가루','',3990,20,'/images/shop/content/Content_010.png','/images/shop/thumnail/Thum_010.jpg','2022-05-16 15:05:02'),(11,'고구마','',5320,27,'/images/shop/content/Content_011.png','/images/shop/thumnail/Thum_011.jpg','2022-05-16 15:05:02'),(12,'고등어','',3800,19,'/images/shop/content/Content_012.png','/images/shop/thumnail/Thum_012.jpg','2022-05-16 15:05:02'),(13,'[골라특가] 고수','',1990,10,'/images/shop/content/Content_013.png','/images/shop/thumnail/Thum_013.jpg','2022-05-16 15:05:02'),(14,'고추장','',5430,27,'/images/shop/content/Content_014.png','/images/shop/thumnail/Thum_014.jpg','2022-05-16 15:05:02'),(15,'고춧가루','',7990,40,'/images/shop/content/Content_015.png','/images/shop/thumnail/Thum_015.jpg','2022-05-16 15:05:02'),(16,'곤약','',2790,14,'/images/shop/content/Content_016.png','/images/shop/thumnail/Thum_016.jpg','2022-05-16 15:05:02'),(17,'골뱅이','',7990,40,'/images/shop/content/Content_017.png','/images/shop/thumnail/Thum_017.jpg','2022-05-16 15:05:02'),(18,'[골라특가] 관자','',8650,43,'/images/shop/content/Content_018.png','/images/shop/thumnail/Thum_018.jpg','2022-05-16 15:05:02'),(19,'국간장','',4090,20,'/images/shop/content/Content_019.png','/images/shop/thumnail/Thum_019.jpg','2022-05-16 15:05:02'),(20,'굴','',5990,30,'/images/shop/content/Content_020.png','/images/shop/thumnail/Thum_020.jpg','2022-05-16 15:05:02'),(21,'굴소스','',3000,15,'/images/shop/content/Content_021.png','/images/shop/thumnail/Thum_021.jpg','2022-05-16 15:05:02'),(22,'김','',3990,20,'/images/shop/content/Content_022.png','/images/shop/thumnail/Thum_022.jpg','2022-05-16 15:05:02'),(23,'김치','',4500,23,'/images/shop/content/Content_023.png','/images/shop/thumnail/Thum_023.jpg','2022-05-16 15:05:02'),(24,'스리라차 481g','',7990,40,'/images/shop/content/Content_024.png','/images/shop/thumnail/Thum_024.jpg','2022-05-16 15:05:02'),(25,'깨','',3690,18,'/images/shop/content/Content_025.png','/images/shop/thumnail/Thum_025.jpg','2022-05-16 15:05:02'),(26,'깨소금','',3990,20,'/images/shop/content/Content_026.png','/images/shop/thumnail/Thum_026.jpg','2022-05-16 15:05:02'),(27,'깻잎','',1590,8,'/images/shop/content/Content_027.png','/images/shop/thumnail/Thum_027.jpg','2022-05-16 15:05:02'),(28,'순두부 350g','',2090,10,'/images/shop/content/Content_028.png','/images/shop/thumnail/Thum_028.jpg','2022-05-16 15:05:02'),(29,'꿀','',5900,30,'/images/shop/content/Content_029.png','/images/shop/thumnail/Thum_029.jpg','2022-05-16 15:05:02'),(30,'물냉이','',1880,9,'/images/shop/content/Content_030.png','/images/shop/thumnail/Thum_030.jpg','2022-05-16 15:05:02'),(31,'로메인(봉)','',1990,10,'/images/shop/content/Content_031.png','/images/shop/thumnail/Thum_031.jpg','2022-05-16 15:05:02'),(32,'느타리버섯','',1490,7,'/images/shop/content/Content_032.png','/images/shop/thumnail/Thum_032.jpg','2022-05-16 15:05:02'),(33,'[골라특가] 갈치(마리)','',4990,25,'/images/shop/content/Content_033.png','/images/shop/thumnail/Thum_033.jpg','2022-05-16 15:05:02'),(34,'당근','',1380,7,'/images/shop/content/Content_034.png','/images/shop/thumnail/Thum_034.jpg','2022-05-16 15:05:02'),(35,'대파','',2490,12,'/images/shop/content/Content_035.png','/images/shop/thumnail/Thum_035.jpg','2022-05-16 15:05:02'),(36,'땅콩','',9990,50,'/images/shop/content/Content_036.png','/images/shop/thumnail/Thum_036.jpg','2022-05-16 15:05:02'),(37,'마늘','',2490,12,'/images/shop/content/Content_037.png','/images/shop/thumnail/Thum_037.jpg','2022-05-16 15:05:02'),(38,'애호박','',1290,6,'/images/shop/content/Content_038.png','/images/shop/thumnail/Thum_038.jpg','2022-05-16 15:05:02'),(39,'참기름','',5400,27,'/images/shop/content/Content_039.png','/images/shop/thumnail/Thum_039.jpg','2022-05-16 15:05:02'),(40,'소고기','',10800,54,'/images/shop/content/Content_040.png','/images/shop/thumnail/Thum_040.jpg','2022-05-16 15:05:02'),(41,'청양고추','',1490,7,'/images/shop/content/Content_041.png','/images/shop/thumnail/Thum_041.jpg','2022-05-16 15:05:02'),(42,'피망','',2990,15,'/images/shop/content/Content_042.png','/images/shop/thumnail/Thum_042.jpg','2022-05-16 15:05:02'),(43,'단호박','',3490,17,'/images/shop/content/Content_043.png','/images/shop/thumnail/Thum_043.jpg','2022-05-16 15:05:02'),(44,'어묵 240g*2','',3090,15,'/images/shop/content/Content_044.png','/images/shop/thumnail/Thum_044.jpg','2022-05-16 15:05:02'),(45,'[골라특가] 닭가슴살','',8990,45,'/images/shop/content/Content_045.png','/images/shop/thumnail/Thum_045.jpg','2022-05-16 15:05:02'),(46,'닭다리살','',10990,55,'/images/shop/content/Content_046.png','/images/shop/thumnail/Thum_046.jpg','2022-05-16 15:05:02'),(47,'당면','',5690,28,'/images/shop/content/Content_047.png','/images/shop/thumnail/Thum_047.jpg','2022-05-16 15:05:02'),(48,'대추','',4990,25,'/images/shop/content/Content_048.png','/images/shop/thumnail/Thum_048.jpg','2022-05-16 15:05:02'),(49,'도라지','',2500,13,'/images/shop/content/Content_049.png','/images/shop/thumnail/Thum_049.jpg','2022-05-16 15:05:02'),(50,'돈가스소스','',2230,11,'/images/shop/content/Content_050.png','/images/shop/thumnail/Thum_050.jpg','2022-05-16 15:05:02'),(51,'된장','',4100,21,'/images/shop/content/Content_051.png','/images/shop/thumnail/Thum_051.jpg','2022-05-16 15:05:02'),(52,'두릅','',7990,40,'/images/shop/content/Content_052.png','/images/shop/thumnail/Thum_052.jpg','2022-05-16 15:05:02'),(53,'두부','',1390,7,'/images/shop/content/Content_053.png','/images/shop/thumnail/Thum_053.jpg','2022-05-16 15:05:02'),(54,'두유','',1990,10,'/images/shop/content/Content_054.png','/images/shop/thumnail/Thum_054.jpg','2022-05-16 15:05:02'),(55,'들기름','',5990,30,'/images/shop/content/Content_055.png','/images/shop/thumnail/Thum_055.jpg','2022-05-16 15:05:02'),(56,'들깨가루','',6490,32,'/images/shop/content/Content_056.png','/images/shop/thumnail/Thum_056.jpg','2022-05-16 15:05:02'),(57,'등심','',8990,45,'/images/shop/content/Content_057.png','/images/shop/thumnail/Thum_057.jpg','2022-05-16 15:05:02'),(58,'[골라특가] 딸기','',10900,55,'/images/shop/content/Content_058.png','/images/shop/thumnail/Thum_058.jpg','2022-05-16 15:05:02'),(59,'쌈장 500g','',4440,22,'/images/shop/content/Content_059.png','/images/shop/thumnail/Thum_059.jpg','2022-05-16 15:05:02'),(60,'또띠아 225g','',3400,17,'/images/shop/content/Content_060.png','/images/shop/thumnail/Thum_060.jpg','2022-05-16 15:05:02'),(61,'[골라특가] 레몬(개)','',1100,6,'/images/shop/content/Content_061.png','/images/shop/thumnail/Thum_061.jpg','2022-05-16 15:05:02'),(62,'마요네즈 300g','',2680,13,'/images/shop/content/Content_062.png','/images/shop/thumnail/Thum_062.jpg','2022-05-16 15:05:02'),(63,'머스터드 265g','',2500,13,'/images/shop/content/Content_063.png','/images/shop/thumnail/Thum_063.jpg','2022-05-16 15:05:02'),(64,'메추리알 300g','',5490,27,'/images/shop/content/Content_064.png','/images/shop/thumnail/Thum_064.jpg','2022-05-16 15:05:02'),(65,'멸치 250g','',6540,33,'/images/shop/content/Content_065.png','/images/shop/thumnail/Thum_065.jpg','2022-05-16 15:05:02'),(66,'삼겹살 100g','',1530,8,'/images/shop/content/Content_066.png','/images/shop/thumnail/Thum_066.jpg','2022-05-16 15:05:02'),(67,'목살 100g','',1530,8,'/images/shop/content/Content_067.png','/images/shop/thumnail/Thum_067.jpg','2022-05-16 15:05:02'),(68,'모짜렐라치즈 150g','',5500,28,'/images/shop/content/Content_068.png','/images/shop/thumnail/Thum_068.jpg','2022-05-16 15:05:02'),(69,'목이버섯 30g','',4490,22,'/images/shop/content/Content_069.png','/images/shop/thumnail/Thum_069.jpg','2022-05-16 15:05:02'),(70,'무(개)','',1790,9,'/images/shop/content/Content_070.png','/images/shop/thumnail/Thum_070.jpg','2022-05-16 15:05:02'),(71,'물 2L','',5880,29,'/images/shop/content/Content_071.png','/images/shop/thumnail/Thum_071.jpg','2022-05-16 15:05:02'),(72,'물 500mL','',8600,43,'/images/shop/content/Content_072.png','/images/shop/thumnail/Thum_072.jpg','2022-05-16 15:05:02'),(73,'물엿 1.2kg','',3980,20,'/images/shop/content/Content_073.png','/images/shop/thumnail/Thum_073.jpg','2022-05-16 15:05:02'),(74,'미나리 200g','',1990,10,'/images/shop/content/Content_074.png','/images/shop/thumnail/Thum_074.jpg','2022-05-16 15:05:02'),(75,'밀가루 1kg','',2190,11,'/images/shop/content/Content_075.png','/images/shop/thumnail/Thum_075.jpg','2022-05-16 15:05:02'),(76,'바나나 440g','',1990,10,'/images/shop/content/Content_076.png','/images/shop/thumnail/Thum_076.jpg','2022-05-16 15:05:02'),(77,'바지락 200g','',2790,14,'/images/shop/content/Content_077.png','/images/shop/thumnail/Thum_077.jpg','2022-05-16 15:05:02'),(78,'햇반 210g(8개)','',8900,45,'/images/shop/content/Content_078.png','/images/shop/thumnail/Thum_078.jpg','2022-05-16 15:05:02'),(79,'햇반 130g(3개)','',4100,21,'/images/shop/content/Content_079.png','/images/shop/thumnail/Thum_079.jpg','2022-05-16 15:05:02'),(80,'밤 500g','',6200,31,'/images/shop/content/Content_080.png','/images/shop/thumnail/Thum_080.jpg','2022-05-16 15:05:02'),(81,'쌀 10kg','',33900,170,'/images/shop/content/Content_081.png','/images/shop/thumnail/Thum_081.jpg','2022-05-16 15:05:02'),(82,'방울토마토 750g','',4990,25,'/images/shop/content/Content_082.png','/images/shop/thumnail/Thum_082.jpg','2022-05-16 15:05:02'),(83,'배추(통)','',3990,20,'/images/shop/content/Content_083.png','/images/shop/thumnail/Thum_083.jpg','2022-05-16 15:05:02'),(84,'[골라특가] 버터 450g','',10300,52,'/images/shop/content/Content_084.png','/images/shop/thumnail/Thum_084.jpg','2022-05-16 15:05:02'),(85,'베이컨 340g','',8990,45,'/images/shop/content/Content_085.png','/images/shop/thumnail/Thum_085.jpg','2022-05-16 15:05:02'),(86,'부추(봉)','',3990,20,'/images/shop/content/Content_086.png','/images/shop/thumnail/Thum_086.jpg','2022-05-16 15:05:02'),(87,'브로콜리 120g','',1290,6,'/images/shop/content/Content_087.png','/images/shop/thumnail/Thum_087.jpg','2022-05-16 15:05:02'),(88,'[골라특가] 사과(개)','',1200,6,'/images/shop/content/Content_088.png','/images/shop/thumnail/Thum_088.jpg','2022-05-16 15:05:02'),(89,'새송이버섯(팩)','',3490,17,'/images/shop/content/Content_089.png','/images/shop/thumnail/Thum_089.jpg','2022-05-16 15:05:02'),(90,'생크림 250mL','',2750,14,'/images/shop/content/Content_090.png','/images/shop/thumnail/Thum_090.jpg','2022-05-16 15:05:02'),(91,'설탕 1kg','',1780,9,'/images/shop/content/Content_091.png','/images/shop/thumnail/Thum_091.jpg','2022-05-16 15:05:02'),(92,'소금 1kg','',3440,17,'/images/shop/content/Content_092.png','/images/shop/thumnail/Thum_092.jpg','2022-05-16 15:05:02'),(93,'숙주(봉)','',1900,10,'/images/shop/content/Content_093.png','/images/shop/thumnail/Thum_093.jpg','2022-05-16 15:05:02'),(94,'시금치(봉)','',1990,10,'/images/shop/content/Content_094.png','/images/shop/thumnail/Thum_094.jpg','2022-05-16 15:05:02'),(95,'식용유 500mL','',4690,23,'/images/shop/content/Content_095.png','/images/shop/thumnail/Thum_095.jpg','2022-05-16 15:05:02'),(96,'식초 900mL','',2800,14,'/images/shop/content/Content_096.png','/images/shop/thumnail/Thum_096.jpg','2022-05-16 15:05:02'),(97,'아몬드','',9990,50,'/images/shop/content/Content_097.png','/images/shop/thumnail/Thum_097.jpg','2022-05-16 15:05:02'),(98,'아보카도(봉)','',12990,65,'/images/shop/content/Content_098.png','/images/shop/thumnail/Thum_098.jpg','2022-05-16 15:05:02'),(99,'아스파라거스(봉)','',4990,25,'/images/shop/content/Content_099.png','/images/shop/thumnail/Thum_099.jpg','2022-05-16 15:05:02'),(100,'안심 100g','',4250,21,'/images/shop/content/Content_100.png','/images/shop/thumnail/Thum_100.jpg','2022-05-16 15:05:02'),(101,'애호박(개)','',1490,7,'/images/shop/content/Content_101.png','/images/shop/thumnail/Thum_101.jpg','2022-05-16 15:05:02'),(102,'양송이 180g','',3990,20,'/images/shop/content/Content_102.png','/images/shop/thumnail/Thum_102.jpg','2022-05-16 15:05:02'),(103,'연근 1kg','',6580,33,'/images/shop/content/Content_103.png','/images/shop/thumnail/Thum_103.jpg','2022-05-16 15:05:02'),(104,'연두부 250g','',1950,10,'/images/shop/content/Content_104.png','/images/shop/thumnail/Thum_104.jpg','2022-05-16 15:05:02'),(105,'연어 100g','',4090,20,'/images/shop/content/Content_105.png','/images/shop/thumnail/Thum_105.jpg','2022-05-16 15:05:02'),(106,'열무김치 500g','',8990,45,'/images/shop/content/Content_106.png','/images/shop/thumnail/Thum_106.jpg','2022-05-16 15:05:02'),(107,'오렌지(개)','',1990,10,'/images/shop/content/Content_107.png','/images/shop/thumnail/Thum_107.jpg','2022-05-16 15:05:02'),(108,'오렌지주스','',3780,19,'/images/shop/content/Content_108.png','/images/shop/thumnail/Thum_108.jpg','2022-05-16 15:05:02'),(109,'오리고기 200g','',4990,25,'/images/shop/content/Content_109.png','/images/shop/thumnail/Thum_109.jpg','2022-05-16 15:05:02'),(110,'오이(개)','',890,4,'/images/shop/content/Content_110.png','/images/shop/thumnail/Thum_110.jpg','2022-05-16 15:05:02'),(111,'[골라특가] 오징어(마리)','',1890,9,'/images/shop/content/Content_111.png','/images/shop/thumnail/Thum_111.jpg','2022-05-16 15:05:02'),(112,'옥수수콘','',1590,8,'/images/shop/content/Content_112.png','/images/shop/thumnail/Thum_112.jpg','2022-05-16 15:05:02'),(113,'올리고당 1.2kg','',3590,18,'/images/shop/content/Content_113.png','/images/shop/thumnail/Thum_113.jpg','2022-05-16 15:05:02'),(114,'올리브오일 250mL','',9790,49,'/images/shop/content/Content_114.png','/images/shop/thumnail/Thum_114.jpg','2022-05-16 15:05:02'),(115,'올리브유 500mL','',6850,34,'/images/shop/content/Content_115.png','/images/shop/thumnail/Thum_115.jpg','2022-05-16 15:05:02'),(116,'와사비','',3390,17,'/images/shop/content/Content_116.png','/images/shop/thumnail/Thum_116.jpg','2022-05-16 15:05:02'),(117,'우유 1L','',2710,14,'/images/shop/content/Content_117.png','/images/shop/thumnail/Thum_117.jpg','2022-05-16 15:05:02'),(118,'유부','',3680,18,'/images/shop/content/Content_118.png','/images/shop/thumnail/Thum_118.jpg','2022-05-16 15:05:02'),(119,'[골라특가] 전복(마리)','',1980,10,'/images/shop/content/Content_119.png','/images/shop/thumnail/Thum_119.jpg','2022-05-16 15:05:02'),(120,'주꾸미 100g','',1390,7,'/images/shop/content/Content_120.png','/images/shop/thumnail/Thum_120.jpg','2022-05-16 15:05:02'),(121,'진간장 1.7L','',8900,45,'/images/shop/content/Content_121.png','/images/shop/thumnail/Thum_121.jpg','2022-05-16 15:05:02'),(122,'쪽파(봉)','',3490,17,'/images/shop/content/Content_122.png','/images/shop/thumnail/Thum_122.jpg','2022-05-16 15:05:02'),(123,'참기름 500mL','',6490,32,'/images/shop/content/Content_123.png','/images/shop/thumnail/Thum_123.jpg','2022-05-16 15:05:02'),(124,'참깨','',2900,15,'/images/shop/content/Content_124.png','/images/shop/thumnail/Thum_124.jpg','2022-05-16 15:05:02'),(125,'찹쌀가루 400g','',4290,21,'/images/shop/content/Content_125.png','/images/shop/thumnail/Thum_125.jpg','2022-05-16 15:05:02'),(126,'청양고추 150g','',1490,7,'/images/shop/content/Content_126.png','/images/shop/thumnail/Thum_126.jpg','2022-05-16 15:05:02'),(127,'체다치즈 300g*2','',6980,35,'/images/shop/content/Content_127.png','/images/shop/thumnail/Thum_127.jpg','2022-05-16 15:05:02'),(128,'칠리소스','',4190,21,'/images/shop/content/Content_128.png','/images/shop/thumnail/Thum_128.jpg','2022-05-16 15:05:02'),(129,'카레가루','',4500,23,'/images/shop/content/Content_129.png','/images/shop/thumnail/Thum_129.jpg','2022-05-16 15:05:02'),(130,'칵테일새우 200g','',8500,43,'/images/shop/content/Content_130.png','/images/shop/thumnail/Thum_130.jpg','2022-05-16 15:05:02'),(131,'케첩 500g','',2650,13,'/images/shop/content/Content_131.png','/images/shop/thumnail/Thum_131.jpg','2022-05-16 15:05:02'),(132,'콩나물 340g','',2600,13,'/images/shop/content/Content_132.png','/images/shop/thumnail/Thum_132.jpg','2022-05-16 15:05:02'),(133,'크림소스 350g','',6990,35,'/images/shop/content/Content_133.png','/images/shop/thumnail/Thum_133.jpg','2022-05-16 15:05:02'),(134,'토마토 1kg','',4660,23,'/images/shop/content/Content_134.png','/images/shop/thumnail/Thum_134.jpg','2022-05-16 15:05:02'),(135,'톳 250g','',2720,14,'/images/shop/content/Content_135.png','/images/shop/thumnail/Thum_135.jpg','2022-05-16 15:05:02'),(136,'파슬리(봉)','',1990,10,'/images/shop/content/Content_136.png','/images/shop/thumnail/Thum_136.jpg','2022-05-16 15:05:02'),(137,'파인애플 1kg','',8990,45,'/images/shop/content/Content_137.png','/images/shop/thumnail/Thum_137.jpg','2022-05-16 15:05:02'),(138,'파프리카(개)','',1240,6,'/images/shop/content/Content_138.png','/images/shop/thumnail/Thum_138.jpg','2022-05-16 15:05:02'),(139,'팽이버섯 350g','',1490,7,'/images/shop/content/Content_139.png','/images/shop/thumnail/Thum_139.jpg','2022-05-16 15:05:02'),(140,'표고버섯 200g','',3990,20,'/images/shop/content/Content_140.png','/images/shop/thumnail/Thum_140.jpg','2022-05-16 15:05:02'),(141,'[골라특가] 플레인요거트','',5400,27,'/images/shop/content/Content_141.png','/images/shop/thumnail/Thum_141.jpg','2022-05-16 15:05:02'),(142,'피클','',2990,15,'/images/shop/content/Content_142.png','/images/shop/thumnail/Thum_142.jpg','2022-05-16 15:05:02'),(143,'호두 100g','',10900,55,'/images/shop/content/Content_143.png','/images/shop/thumnail/Thum_143.jpg','2022-05-16 15:05:02'),(144,'후추 100g','',5390,27,'/images/shop/content/Content_144.png','/images/shop/thumnail/Thum_144.jpg','2022-05-16 15:05:02'),(145,'[골라특가] 매콤달콤 닭갈비 800g','',10900,55,'/images/shop/content/Content_145.png','/images/shop/thumnail/Thum_145.jpg','2022-05-23 00:06:24'),(146,'[골라특가] 브라우니 약과','',6900,35,'/images/shop/content/Content_146.png','/images/shop/thumnail/Thum_146.jpg','2022-05-23 00:06:24');
/*!40000 ALTER TABLE `product` ENABLE KEYS */;
UNLOCK TABLES;

--
-- Table structure for table `recipe`
--

DROP TABLE IF EXISTS `recipe`;
/*!40101 SET @saved_cs_client     = @@character_set_client */;
/*!50503 SET character_set_client = utf8mb4 */;
CREATE TABLE `recipe` (
  `no` int NOT NULL,
  `menu` varchar(50) DEFAULT NULL,
  `how` varchar(50) DEFAULT NULL,
  `kind` varchar(10) DEFAULT NULL,
  `kcal` varchar(10) DEFAULT NULL,
  `carbohydrate` varchar(10) DEFAULT NULL,
  `protein` varchar(10) DEFAULT NULL,
  `fat` varchar(10) DEFAULT NULL,
  `natrium` varchar(10) DEFAULT NULL,
  `material` varchar(500) DEFAULT NULL,
  `recipe1` varchar(150) DEFAULT NULL,
  `recipe2` varchar(150) DEFAULT NULL,
  `recipe3` varchar(150) DEFAULT NULL,
  `recipe4` varchar(150) DEFAULT NULL,
  `recipe5` varchar(150) DEFAULT NULL,
  `recipe6` varchar(150) DEFAULT NULL,
  `recipe7` varchar(150) DEFAULT NULL,
  `recipe8` varchar(150) DEFAULT NULL,
  `recipe9` varchar(150) DEFAULT NULL,
  `recipe10` varchar(150) DEFAULT NULL,
  PRIMARY KEY (`no`)
) ENGINE=InnoDB DEFAULT CHARSET=utf8mb4 COLLATE=utf8mb4_0900_ai_ci;
/*!40101 SET character_set_client = @saved_cs_client */;

--
-- Dumping data for table `recipe`
--

LOCK TABLES `recipe` WRITE;
/*!40000 ALTER TABLE `recipe` DISABLE KEYS */;
INSERT INTO `recipe` VALUES (1,'굴 쌈밥','굽기','밥','111.5','23.3','5.4','2.9','168.5','찹쌀 30g(2큰술), 멥쌀 15g(1큰술), 밤 10g(2개), 대추 2g(1개), 은행 3g(1개), 단호박 10g, 깻잎 2g(2장), 건다시마 0.5g, 굴 30g(5개) 배추김치말이 배추김치 10g, 저염햄 5g, 저염치즈 10g(1/2장), 홍고추 5g(1/2개) 쌈장소스 된장 2g, 고추장 1g, 다시마물 8g(1½작은술), 들깨가루 2g, 땅콩가루 1g, 다진 청양고추 1g, 다진 파 0.5g, 물엿 0.5g','1. 찹쌀과 멥쌀은 2:1의 비율로 불린다.','2. 다시마 물에 된장을 풀어 콩 건더기를 걸러내고 쌈장소스양념을 섞어 쌈 장소스를 만든다.','3. 밤과 단호박은 껍질을 벗긴다. 밤은 2등분하고 단호박은 2×2cm로 썬다. 은행은 볶아 껍질을 벗기고, 대추는 돌려 깎아 씨를 뺀 후 3등분으로 썬다.','4. 쌀과 3의 재료에 다시마 한 조각을 올려 밥을 한다.','5. 깻잎을 3cm로 자른 후 4의 영양밥을 작은 타원 모양으로 빚은 후 깻잎 으로 감싼다.','6. 굴은 염도 1.5%정도의 엷은 소금물에 담가 씻은 후, 맑은 물로 헹궈 가열 된 팬에 기름을 두르고 굴을 구워 낸 후 5의 영양쌈밥 위에 올린다.','7. 홍고추는 직화로 구워 껍질을 벗기고 속 씨를 뺀 후 씻어낸다.','8. 배추김치 잎 위에 손질한 홍고추를 올리고 저염햄과 저염치즈를 올려 롤 을 말아준다.','9. 접시에 ‘굴 영양쌈밥’을 올리고 옆에 소스를 담고 ‘배추김치말이’도 가지런 히 담아 완성한다.',''),(2,'돌나물 샐러드','기타','반찬','205','2','3','24','151','돌나물 90g, 미니새송이버섯 60g(7개), 참기름 약간 레몬마요네즈 소스 마요네즈 10g(2작은술), 레몬즙 20g(1⅓큰술), 청양고추 5g(1/2개), 홍고추 5g(1/2개), 참기름 약간','1. 청양고추와 홍고추를 다져서 참기 름에 살짝 볶는다.','2. 마요네즈와 레몬즙을 볶은 고추(1) 와 섞어 소스를 만든다.','3. 돌나물은 손질하여 찬물에 담가 아삭하게 한다.','4. 새송이버섯을 길이로 썰어 달군 프라이팬에 참기름을 두르고 노릇 하게 굽는다.','5. 돌나물은 물기 빼고 구운 새송이 버섯과 레몬마요네즈 소스를 넣고 버무려 접시에 담는다.','','','','',''),(3,'된장국','끓이기','국/찌개','20','3','2','0','260','두부 20g(2×2×2cm), 애느타리버섯 20g(4가닥), 감자 10g(4×3×1cm), 양파 10g(2×1cm), 대파 10g(5cm), 된장 5g(1작은술), 물 300ml(1½컵)','1. 감자, 양파를 잘 익도록 얇게 썬다.','2. 애느타리버섯은 썰어 달궈진 팬에 굽는다.','3. 대파를 송송 썬다.','4. 냄비에 물을 붓고 된장을 푼 뒤 감 자, 양파, 두부를 넣어 재료가 투명 해지게 끓인다.','5. 된장국의 재료를 건져서 국물 한 국 자와 믹서에 넣어 갈은 다음 된장국 에 다시 넣어 한 번 더 끓인다.','6. 구운 애느타리버섯과 대파를 국에 넣어 끓인 후 그릇에 담는다.','7. 고기는 얇게 썰어 고기 양념을 하 고 기름에 볶아 고명을 준비한다.','8. 닭육수에서 깨를 건져 내고 육수 를 다시 끓이다가 떡을 넣어 끓인다.','',''),(4,'스트로베리 샐러드','기타','반찬','155','30','7','5','138','딸기 70g(7개), 플레인요거트 85g(1개), 양상추 70g(2장), 메추리알 30g(3개), 블루베리 15g(1큰술), 식초 약간, 소금 약간','1. 냄비에 메추리알이 잠길 정도의 찬물에 식초, 소금을 넣어 삶는다. 물이 끓어오르면 5분 정도 더 삶아찬물에 헹군 후 껍질을 벗기고 반으로 자른다.','2. 딸기를 흐르는 물에 가볍게 씻어 꼭지를 제거한 후 물기를 빼고 반으로 자른다.','3. 양상추는 찬물에 담갔다가 물기를 빼고 한입 크기로 찢는다.','4. 접시에 양상추, 딸기, 블루베리, 메추리알을 담고 플레인요거트를 끼얹는다.','','','','','',''),(5,'채소 자장면','끓이기','일품','100.2','18.1','3.4','4','69.7','중화면 200g 소스 감자 80g(1/2개), 양파 80g(1/3개), 애호박 30g(1/2개), 검은콩 2g(1/2작은술), 새송이버섯 30g(3개), 옥수수통조림 10g(2작은술), 설탕 20g(1½큰술), 저염간장 15g(1큰술), 자장분말 30g(2큰술), 녹말가루 30g(2큰술) 장식 오이 30g(1/5개), 완두콩 10g(2작은술)','1. 검은콩은 물에 담가 2시간 정도 불린다.','2. 완두콩은 끓는 물에 데친다.','3. 감자, 양파, 애호박은 1.5cm로 깍둑썬다.','4. 믹서에 불린 검은콩을 간다.','5. 면은 끓은 물에 삶아 체에 건져 물기를 뺀다','6. 새송이버섯은 슬라이스하고 오이는 채 썬다.','7. 팬에 썰어둔 3의 채소를 볶다가 저염간장, 자장분말, 설탕을 넣어 소스를 만든다.','8. 소스에 검은콩, 옥수수를 넣어 끓인다.','9. 녹말 물을 넣어 농도를 조절한다.','10. 그릇에 면을 담고 소스와 채 썬 오이, 완두콩을 올려 완성한다.'),(6,'두유 파스타','끓이기','일품','106.9','19.7','4.7','4.2','108.3','페투치네 120g 소스 올리브오일 2g, 양파 40g(1/4개), 두유 400g(2컵), 흰 후춧가루 5g(1작은술) 장식 파마산치즈가루 30g(2큰술), 실파 2g, 마늘 40g(8개)','1. 페투치네는 끓는 물에 5분 삶는다.','2. 양파는 채 썬다.','3. 팬에 올리브오일을 두르고 마늘을 넣어 약한 불에서 볶다가 마늘이 익으면 팬에서 꺼낸 후 채 썬 양파를 넣어 양파가 투명해질 때까지 볶는다.','4. 3에 두유를 넣어 중불에서 끓인다.','5. 두유가 가열되면 1의 페투치네를 넣고, 흰 후춧가루를 넣은 후 면이 소스에 잠기도록 끓인다.','6. 접시에 페투치네와 소스를 담는다.','7. 파마산 치즈가루, 볶은 마늘, 다진 실파를 곁들여 완성한다.','','',''),(7,'건강 돼지 보쌈','끓이기','반찬','148','8.7','10.9','12.2','284.9','목살 100g, 마늘 10g(2개), 저염된장 10g, 대파 25g(1개), 양파 10g(1/15개), 청주 15g(1큰술), 생강 10g(1/2개), 부추 25g, 홍파프리카 10g(1/15개), 황파프리카 10g(1/15개), 물냉이 40g 된장소스 양파즙 10g(2작은술), 사과즙 10g(2작은술), 배즙 30g(2큰술), 저염된장 10g(2작은술), 다진 마늘 10g(2작은술), 매실청 10g(2작은술), 참기름 5g(1작은술), 깨소금 3g(1/2작은술)','1. 소스팬에 저염된장, 양파즙, 사과즙, 배즙, 다진 마늘, 매실청, 깨소금, 참기름을 넣어 졸인다.','2. 파프리카는 4×0.3×0.3cm로 채 썬다.','3. 부추는 4cm길이로 자른다.','4. 냉이는 손질하여 끓는 물에 데쳐 찬물에 식히고 수분제거 후 4cm로 썬다.','5. 목살은 찬물에 30분 담가 핏물을 제거한다.','6. 냄비에 물과 저염된장, 청주, 대파, 생강, 양파, 마늘을 넣어 끓이다가 핏물 뺀 고기를 넣고 35분 삶는다.','7. 고기가 다 익으면 1cm로 썰고 부추, 파프리카, 냉이, 저염된장소스를 곁들 인다.','','',''),(8,'두부 카나페','굽기','후식','86.6','0.8','14.5','5.1','53.4','두부 100g(1/3모), 느타리버섯 30g(6개), 감자 40g(1/4개), 곰피 10g, 레몬즙 5g(1작은술), 식용유 10g(1½작은술), 파프리카 20g(1/10개), 미나리 15g 소스 레몬즙 5g(1작은술), 매실액 10g(1/2큰술), 유자청 25g(1½큰술)','1. 매실액, 유자청, 레몬즙을 넣어 매실유자소스를 만든다.','2. 두부는 4×4×0.5cm로 잘라 끓는 물에 데쳐 찬물에 헹구고 물기를 제거 한 후 레몬즙을 뿌린다.','3. 감자는 껍질을 제거하고 4×4×0.5cm로 썬다.','4. 곰피는 끓는 물에 데쳐 찬물에 헹구고 물기를 제거한 후 3.5cm로 썬다.','5. 미나리줄기는 끓는 물에 데쳐 찬물에 헹궈 물기를 짠다.','6. 파프리카는 반을 갈라 씨를 제거하고 3.5×3.5×0.2cm로 썰고 끓는 물에 데쳐 찬물에 헹군 후 수분을 제거한다.','7. 느타리버섯을 찢고 팬에 식용유를 두른 후 레몬즙을 뿌려 볶는다.','8. 두부 위에 곰피, 느타리버섯, 파프리카, 감자, 두부 순서로 올린 후 미나리 로 묶어 완성한다.','',''),(9,'단호박 닭고기 들깨탕','찌기','국/찌개','100.5','14.1','7.5','2.8','18.5','닭 가슴살 120g, 시금치 5g(1잎), 다진 마늘 5g(1작은술), 다진 생강 5g(1작은술), 다진 양파 20g(4작은술), 무 30g(1/20개), 고구마 30g(1/3개), 우유 100g(1/2컵) 소스 백미 30g, 현미 30g, 조 15g, 닭육수 100g(1/2컵), 들깨가루 15g(1큰술), 단호박 20g(1/20개), 두부 15g(1/4모)','1. 현미, 백미, 조는 씻어 물에 불려 닭 육수, 들깨가루를 넣고 죽을 만든다.','2. 두부, 죽, 삶은 단호박을 1:1:1의 비율로 섞고 우유를 넣어 끓여 소스를 만 든다.','3. 닭 가슴살은 반으로 잘라 다진 마늘, 다진 생강, 다진 양파, 우유를 넣어 재운다.','4. 고구마와 무는 채 썬다.','5. 재운 닭 가슴살을 씻어 물기를 제거한다.','6. 시금치를 깔고 그 위에 고구마와 무채를 올려 단단하게 말아 고정시킨다.','7. 찜통에 닭 가슴살을 넣어 10~15분 동안 찐다.','8. 닭 가슴살을 잘라 그릇에 담고 소스를 뿌려 완성한다.','',''),(10,'토마토 가지 카프레제','굽기','후식','90.5','7.4','1.2','6.2','11.3','가지 100g(1개), 토마토 200g(1½개), 무순 20g, 마늘 10g(2개), 올리브오일 5g(1작은술) 드레싱 올리브오일 25g(2큰술), 발사믹식초 60g(4큰술), 후춧가루 2g(1/2작은술)','1. 올리브오일, 발사믹식초, 후춧가루를 섞어 차게 식혀 드레싱을 만든다.','2. 가지와 토마토는 5mm두께로 썬다.','3. 가지와 토마토는 120도 오븐에 20분 굽고, 구운가지는 물기를 제거한다.','4. 마늘은 채 썬다.','5. 팬에 올리브오일을 두르고 약불에서 마늘을 볶다가, 가지를 넣고 굽는다.','6. 접시에 토마토, 가지를 번갈아 담고 무순으로 장식한다.','7. 드레싱을 곁들인다.','','',''),(11,'버섯샐러드','끓이기','후식','55','11','2.4','0.2','238.3','느타리버섯 50g(10개), 표고버섯 50g(3개), 양상추 40g(5장) 소스 양조간장 2g(1/2작은술), 설탕 5g(1작은술), 식초 2g(1/2작은술), 방울토마토 24g(3개)','1. 냄비에 양조간장, 물, 설탕, 식초를 넣고 원래 분량의 1/3 될 때까지 졸여 소스를 만든다.','2. 양상추는 4×4cm로 찢은 후 찬물에 담근다.','3. 방울토마토는 4등분으로 자른다.','4. 느타리버섯은 손으로 찢고. 표고버섯은 두께 1.5cm 정도로 자른다.','5. 끓는 물에 버섯을 데치고, 찬물에 씻어 물기를 제거한다.','6. 물에 담가 놓았던 양상추의 물기를 제거하고, 완성그릇에 담은 후 그 위 에 버섯을 올린다.','7. 소스와 방울토마토를 올려 완성한다.','','',''),(12,'훈제오리가슴살 샐러드','굽기','반찬','261.8','11.5','21','14.6','636','오리고기(훈제오리 가슴살, 150g), 발사믹소스(50g), 양파(30g), 파슬리(5g), 블루베리(20g), 레디쉬(1개)','1. 훈제오리 가슴살을 슬라이스한다.','2. 슬라이스한 훈제오리는 팬에 굽는다.','3. 양파는 채썰고 찬물에 담근 뒤 건진다.','4. 레디쉬는 채썰고 찬물에 담근 뒤 건진다.','5. 먹기 직전에 발사믹소스를 만든다.','6. 접시에 훈제오리와 양파채, 레디쉬, 블루베리를 담고 발사믹소스를 올린다.','','','',''),(13,'훈제오리가슴살크러스트','굽기','반찬','250','13.5','17.2','14.1','352.2','오리고기(훈제오리 가슴살, 150g), 로즈마리(2g), 오렌지(1개), 새송이버섯(1개), 파슬리(5g), 땅콩(50g), 올리브오일(20g), 유자청(20g), 후춧가루(0.5g)','1. 훈제오리 가슴살은 올리브오일, 로즈마리, 후춧가루로 마리네이드한다.','2. 새송이버섯은 편으로 썰고 팬에 굽는다.','3. 오렌지는 슬라이스로 썬다.','4. 땅콩과 파슬리는 입자있게 다진다.','5. 마리네이드한 오리 고기를 구워 접시에 담는다.','6. 유자청에 땅콩, 파슬리가루를 넣고 소스를 만들고, 구워진 오리고기 사이에 오렌지 슬라이스를 넣고 유자청소스를 올린다.','','','',''),(14,'간장소스를 곁들인 새우전복찜','찌기','반찬','119.1','8.2','19.2','1.1','455.9','전복(2개), 새우(3마리), 시금치(30g), 해초(20g), 저염간장(20g), 레몬(1/4개), 설탕(20g), 소금(0.1g), 마늘(10g), 녹말(10g), 식용꽃(60g)','1. 전복은 수저로 떼어내어 소금으로 비벼 깨끗이 씻는다.','2. 시금치는 데쳐 다지고, 새우는 껍질을 벗겨 전복, 해초와 함께 다진다.','3. ?번을 잘 섞어 전복 껍질에 넣는다.','4. 찜통에 김이 오르면 속을 채운 전복 껍질을 넣고 약 10분 정도 찐다.','5. 저염간장, 레몬, 설탕, 다진마늘을 넣고 살짝 끓여 소스를 만든다.','6. 간장소스에 전분을 풀어 농도를 맞추고, 전복찜에 여러번 바르고 식용꽃을 올린다.','','','',''),(15,'닭고기김치찌개','끓이기','국/찌개','277.1','1.79','5.87','2.73','776.6','닭가슴살(60g), 애호박(30g), 미나리(20g), 청양고추(3g), 두부(60g) 김치(120g), 참기름(20g), 느타리버섯(10g), 달걀(50g) 육수 다시마(5g), 무(40g), 대파(5g), 양파(10g), 마른 고추(3g), 멸치(10g) 마늘(10g), 청주(10g), 물(300g)','1. 육수 재료를 넣고 중간 불로 끓인 뒤 체에 걸러 육수를 만든다.','2. 닭가슴살은 채 썬 뒤 물에 넣고 삶는다.','3. 애호박은 반달 썰고, 미나리는 5㎝ 길이로 썰고, 청양고추는 잘게 썬 뒤 찬물에 담가 씨를 빼고, 두부는 한입 크기로 썰어 물에 담가둔다.','4. 김치를 한입 크기로 썬 뒤 참기름에 볶다가 육수를 붓는다.','5. 두부, 애호박, 느타리버섯, 미나리, 닭가슴살을 넣어 끓어오르면 달걀물과 청양고추를 넣고 조금 더 끓여 마무리한다.','','','','',''),(16,'완자김치찌개','끓이기','국/찌개','161.1','1.34','6.78','2.61','355','콩나물(30g), 김치(50g) 두부(40g), 붉은 고추(15g) 다진 돼지고기(등심, 60g), 새우젓(5g) 육수 대파(10g), 마늘(5g), 쇠고기(50g)','1. 대파, 마늘, 쇠고기를 물(300g)과 함께 끓인 뒤 면포에 걸러 육수를 만든다.','2. 콩나물, 김치를 물에 씻어 손질한다.','3. 두부는 물기를 빼고, 붉은 고추는 다진 뒤 돼지고기와 섞어 반죽해 동그랗게 빚어 완자를 만든다.','4. 김 오른 찜기에 완자를 넣어 찐다.','5. 육수를 끓이고 끓어오르면 김치, 콩나물, 새우젓을 넣는다.','6. 한소끔 더 끓이다가 완자를 넣고 조금 더 끓여 마무리한다.','','','',''),(17,'나가사키부대찌개','끓이기','국/찌개','342.7','3.99','5.37','3.63','778','통조림 햄(30g), 우유(100g), 실곤약(50g), 양파(30g), 느타리버섯(25g) 표고버섯(10g), 팽이버섯(30g), 청양고추(5g), 붉은 고추(5g), 감자(30g) 무(30g), 두부(40g), 애호박(30g), 깻잎(3g), 쑥갓(10g) 완자 다진 돼지고기(20g), 다진 파(5g), 다진 마늘(5g), 후춧가루(1g) 소금(1g), 밀가루(10g), 달걀노른자(20g) 육수 사골육수(300g), 다시마(5g) 양념 들깻가루(15g)','1. 통조림 햄은 한 번 데친 뒤 우유에 담가두고, 실곤약은 식초를 넣은 끓는 물에 살짝 데친다.','2. 양파는 굵게 채 썰고, 느타리버섯은 찢고, 표고버섯은 모양대로 썰고, 팽이버섯은 끝부분을 잘라내고, 청양고추와 붉은 고추는 어슷 썬다.','3. 감자, 무, 두부는 0.5㎝ 두께로 썰고, 애호박은 반달썰기 하고 깻잎은 채 썰어 찬물에 담가 매운맛을 제거한다.','4. 사골육수에 다시마를 넣어 끓인 후 한 김 식힌다.','5. 다진 돼지고기에 다진 파, 다진 마늘, 후춧가루, 소금을 섞어 완자를 만들고 밀가루와 달걀물을 묻혀 식용유(5g)를 두른 팬에 부친다.','6. 냄비에 재료를 보기 좋게 담고 사골육수를 부은 뒤 끓이다가 쑥갓과 들깻가루를 넣어 마무리한다.','','','',''),(18,'삼계부대찌개','끓이기','국/찌개','299.9','8.26','4.46','0.09','163.6','닭가슴살(100g), 당근(20g), 붉은 고추(6g) 풋고추(6g), 대파(6g), 쑥갓(4g), 표고버섯(14g) 애호박(60g), 김치(40g), 팽이버섯(40g) 당면(21g), 숙주(40g), 떡(40g) 육수 당귀(10g), 대추(20g), 오가피(30g), 함초(20g) 양념장 겨자가루(5g), 고춧가루(20g), 콩가루(5g), 쌀겨(5g), 다진 마늘(3g)','1. 육수 재료를 넣고 20분간 끓여 육수를 낸다.','2. 닭가슴살과 당근을 다져 모양을 잡은 뒤 김 오른 찜기에 넣고 찐다.','3. 고추, 대파는 어슷 썰고, 쑥갓, 표고버섯, 애호박, 김치는 먹기 좋은 크기로 썰고, 팽이버섯은 밑동을 잘라 손질한다.','4. 당면과 숙주는 뜨거운 물에 데쳐 준비한다.','5. 양념장 재료를 섞은 뒤 육수(13g)를 넣고 양념장을 만든다.','6. 준비한 재료를 담고 육수를 부은 뒤 양념장을 넣고 끓여 마무리한다.','','','',''),(19,'쑥갓부대찌개','끓이기','국/찌개','236.7','2.85','3.67','3.26','825.1','통조림 햄(55g), 애호박(35g), 두부(40g), 팽이버섯(40g), 청양고추(10g) 김치(65g), 다시마(5g), 쑥갓(7g) 양념장 설탕(0.5g), 고춧가루(1g), 다진 마늘(5g), 고추장(5g)','1. 통조림 햄을 썰어 끓는 물에 데친다.','2. 애호박은 반달모양으로 썰고, 두부는 도톰하게 썰고, 팽이버섯은 밑동을 자르고 3등분하고, 청양고추는 어슷 썬다.','3. 김치는 씻어서 잘게 썬다.','4. 양념장을 만든다.','5. 냄비에 물(200g)과 다시마를 넣고 살짝 끓여 다시마육수를 만든다.','6. 육수에 손질한 재료를 담고 양념장 반을 넣고 중간 불에 끓이다가 쑥갓과 남은 양념장을 넣고 약한 불에 조금 더 끓여 마무리한다.','','','',''),(20,'오징어구이','볶기','반찬','278.1','24.8','22.9','9.7','611.4','오징어 300g, 미니파프리카 40g, 양파 50g, 청고추 15g, 홍고추 15g, 다진마늘 15g, 고춧가루 15g, 홀토마토 50g, 고추장 15g, 설탕 15g 올리고당 15g, 후추 1g, 참기름 15g, 볶은 현미 15g','1. 오징어는 솔방울 모양으로 잘라준다.','2. 미니 파프리카, 양파, 청홍고추는 적당한 크기로 잘라준다.','3. 다진마늘을 볶다가 오징어를 넣어 볶는다.','4. 홀토마토와 양념장 재료를 넣어 볶는다.','5. 팬을 약간 태우는 듯 해서 불맛과 매운맛을 더해준다.','6. 접시에 담아주고 볶은 현미를 뿌려 완성한다.','','','',''),(21,'냉토마토파스타','끓이기','일품','202.3','34.1','8.1','3.7','213.5','토마토(50g), 브로컬리(20g), 펜네(100g), 올리브오일(10g) 후춧가루(0.1g) - 소스 : 마늘(10g), 양파(20g), 당근(20g), 방울토마토(50g) 올리브오일(10g), 육수(400g), 설탕(10g) 소금(0.3g), 레몬즙(10g), 월계수잎(1장)','1. 마늘은 곱게 다지고 양파, 당근, 방울토마토는 입자있게 다진다.','2. 토마토는 씨와 껍질을 제거하고 채를 썰어놓는다','3. 브로컬리를 끓는 물에 데쳐 찬물에 헹구어 작게 썰어 준비한다.','4. 펜네는 끓는 물에 약 10분 정도 삶아 건진다.','5. 건져진 펜네는 올리브오일을 넣어 무친 후 그릇에 담아놓는다.','6. 냄비에 오일을 넣고 마늘과 양파를 볶다가 당근과 방울토마토를 넣어 볶으면서 육수를 붓고 설탕과 소금, 레몬즙, 월계수잎을 넣고 끓인 뒤 월계수잎을 건져내고, 차갑게 식힌 후 그릇에 담겨 있는 펜네에 토마토채(②)와 브로컬리(③)를 함께 넣어 담아 완성 한다.','','','',''),(22,'닭고기또띠아','굽기','반찬','216.4','82.8','21.6','11','831.7','또띠아(50g), 닭다리살(100g), 느타리버섯(20g), 사과(20g) 오이(20g), 파프리카(20g), 애호박(20g), 양파(20g), 식초(10g), 아몬드(10g), 우유(20g), 머스터드(20g), 올리고당(20g)','1. 닭고기살은 끓는 물에 데쳐 손으로 찢고, 느타리버섯도 데쳐 손으로 찢어 준비한다.','2. 사과는 씨를 제거하고 약 6cm 길이로 채를 썰고, 오이와 파프리카도 같은 길이로 채를 썰어 놓는다.','3. 애호박은 반달로 썰어 식초에 살짝 절여서 볶고, 양파는 채를 썰어 물에 잠시 담가 놓는다.','4. 아몬드는 우유를 넣어 갈아 준비한다.','5. 머스터드에 올리고당을 넣어 잘 섞어 준다.','6. 또띠아를 팬에 기름 없이 굽고, 그 안에 닭고기 살과 느타리버섯, 오이, 사과, 파프리카와 호박을 넣어 속이 보이도록 말아놓고, ④번과 ⑤번은 섞어서 소스를 만들어 완성한다.','','','',''),(23,'닭고기스테이크','끓이기','반찬','222.4','8','26.3','9.5','226.1','닭고기살(120g), 소금(0.5g), 후춧가루(0.1g), 생강(5g) 정종(5g), 우유(50g), 오이(20g), 토마토(20g) 두부(80g), 흑임자(20g), 우유(50g)','1. 닭고기살은 소금과 후춧가루, 생강즙과 정종을 뿌린 후 우유를 살짝 발라 숙성을 시킨다.','2. 오이는 길게 껍질째 썰어 놓는다.','3. 토마토는 반으로 잘라 편으로 썰어 준비한다.','4. 두부는 소창으로 물기를 꼭 짜 놓는다.','5. 물기를 제거 시킨 두부에 흑임자를 넣고 골고루 섞은 뒤 냄비에 넣고 우유와 함께 은근히 끓여 속을 만든다.','6. 팬에 토마토를 먼저 구워 접시에 담고, 숙성된 닭고기를 구워 올린 뒤, 그 위에 오이로 원형기둥을 만들고 구운 닭고기를 다시 올려 완성한다.','','','',''),(24,'오징어순대','찌기','반찬','215.2','6.9','39.1','15.7','242.5','통오징어(100g), 양파(20g), 당근(20g), 부추(20g) 견과류(20g), 두부(50g), 대파(10g), 마늘(10g), 소금(0.5g) 녹말가루(10g), 정종(10g), 레몬(10g), 생강(5g)','1. 통오징어는 다리를 떼어내고 내장을 제거시켜 통째로 깨끗이 씻어 준비 한다.','2. 양파와 당근, 부추, 생강은 입자있게 썰고, 견과류는 다져 준비한다.','3. 두부는 물기를 짠 후 수저로 으깨어 놓는다.','4. 잘게 썰은 오징어 다리와 썰어 놓은 채소, 견과류(②), 곱게 다진 대파와 마늘, 그리고 소금과 녹말가루를 두부 (③)와 함께 골고루 섞어 순대속을 만든다.','5. 손질된 오징어 속 안에 준비한 속을 채워 넣는다.','6. 오징어순대에 레몬즙과 정종, 생강즙을 섞어 바른 뒤 찜통에 김이 오르면 오징어순대를 넣어 약 10분 정도 쪄서 완성한다.','','','',''),(25,'시금치브로컬리 파스타','끓이기','일품','260.5','68.4','15.3','7.3','77.2','새우(대하, 3마리), 파스타면(100g), 시금치(30g), 브로콜리(50g), 바질(10g), 생크림(50g), 올리브오일(10g), 소금 (0.2g)','1. 시금치와 브로콜리는 끓는 물에 소금을 넣고 살짝 데친다.','2. 데친 시금치, 브로콜리와 바질을 믹서에 갈아 준다.','3. 새우는 껍질을 벗겨 손질한다','4. 끓는 물에 스파게티를 10분 정도 삶아 건진다.','5. 삶아진 스파게티는 팬에 올리브오일을 넣고 볶는다.','6. 갈아 놓은 시금치소스에 생크림을 넣고 한소끔 끓이면서 볶은 파스타를 넣은 뒤 새우를 올린다','','','',''),(26,'연근부각','튀기기','반찬','162.2','25.3','2.6','5.6','67.7','연근(60g), 식초(10g), 천일염(0.1g), 계피가루(20g), 식용유(200g)','1. 연근은 껍질을 벗긴다.','2. 껍질벗긴 연근은 얇게 썬다.','3. 물 200g에 식초 10g을 섞는다','4. 식촛물에 썬 연근을 담근다.','5. 연근을 체에 건져 물기를 뺀다.','6. 연근을 바삭하게 튀긴 뒤 천일염을 살짝 뿌리고, 계피가루를 묻힌다.','','','',''),(27,'크림소스치킨롤','끓이기','일품','204','10.9','24.6','28.8','262.9','닭고기(가슴살, 150g), 새우(대하, 3마리), 베이컨(20g), 마늘(20g), 바질(5g), 아스파라거스(3개), 새송이버섯(1개), 치즈(1장), 버터(10g), 소금(0.2g), 후춧가루(0.01g)','1. 닭가슴살은 포를 떠 소금과 후춧가루로 밑간을 한다.','2. 새우는 껍질을 벗겨 손질한다.','3. 베이컨은 끓는 물에 데친다.','4. 마늘과 바질은 다진 뒤 버터에 섞는다.','5. 닭가슴살에 베이컨과 다진 버터를 올린다.','6. 냄비에 마늘과 바질을 섞은 버터, 치즈를 넣고 끓이다가 졸인다.','','','',''),(28,'표고버섯 감자찜','찌기','반찬','176.8','37.6','5.4','0.5','108.3','표고버섯(3개), 감자(200g), 고수(10g), 당근(30g), 양파(30g), 홍고추(1개), 녹말(20g)','1. 표고버섯은 따뜻한 물에 불린다.','2. 감자는 강판에 간다.','3. 고수는 잘게 다진다.','4. 당근은 곱게 다지고, 양파와 홍고추도 다진다.','5. 감자에 다진 당근과 양파, 홍고추를 섞는다.','6. 불린 표고버섯은 기둥을 자르고 바닥에 녹말가루를 묻혀 ?번을 넣고 김이 오른 찜통에 약 10분 정도 찐다.','','','',''),(29,'해물애호박 전병말이','굽기','반찬','248.4','66.2','10.7','11.2','256.8','새우(3마리), 오징어(50g), 애호박(1/2개), 당근(20g), 깻잎(3장), 대추(2알), 밀가루(100g), 찹쌀가루(50g), 저염간장(20g), 식초(10g), 설탕(10g), 소금(0.2g)','1. 새우는 껍질을 벗겨 다진다.','2. 오징어는 소금으로 껍질을 벗겨 다진다.','3. 애호박, 깻잎, 대추는 곱게 채썬다.','4. 채썬 애호박과 깻잎은 소금에 살짝 절인 뒤 물기를 짠다.','5. 밀가루에 찹쌀가루, 애호박, 깻잎, 대추채와 다진 새우, 오징어를 넣고 팬에 기름을 둘러 전병을 만든 뒤 돌돌 말아 썰어 접시에 담는다.','6. 저염간장과 식초, 설탕을 넣고 소스를 만든다.','','','',''),(30,'애호박들깨볶음','볶기','반찬','184.6','16.2','10.4','8.7','202','애호박(150g), 소금(0.5g), 양파(20g), 대파(10g) 홍고추(10g), 들기름(20g), 다진 마늘(5g), 건새우(20g) 들깨가루(30g)','1. 애호박은 반달 모양으로 썰어 준다.','2. 썰어 놓은 호박에 소금을 넣고 살짝 절여 물기를 제거하고 준비한다.','3. 양파는 채를 썰고, 대파는 1/4로 자르고, 홍고추는 어슷썰어 자연스럽게 씨를 제거해 놓는다.','4. 팬에 들기름을 넣고, 마늘을 먼저 볶는다.','5. 볶아진 팬에 건새우를 넣어 볶아준다.','6. 건새우가 볶아지면, 썰어 놓은 호박을 넣어 볶다가 양파와 대파를 넣어 볶으면서 들깨 가루와 넣어 살짝 볶으면서 마지막에 썰어 놓은 홍고추를 넣어 한 번만 더 볶아 완성한다.','','','',''),(31,'삼겹가지볶음','볶기','반찬','252.4','15.9','19.5','44.5','398.8','삼겹살(100g), 생강(5g), 정종(10g), 가지(50g), 양파(20g) 당근(20g), 깻잎(10g), 느타리버섯(20g), 대파(10g) 식용유(5g), 참기름(5g), 잣(10g), 통깨(5g) - 양념장 : 고춧가루(20g), 다진마늘(20g), 저염간장(30g) 올리고당(20g), 후춧가루(0.1g), 설탕(10g)','1. 썰어 놓은 삼겹살에 생갑즙과 정종을 넣고 약 2시간 정도 숙성을 시켜 준비 한다.','2. 가지는 씨가 적은 것으로 골라 반으로 갈라 어슷썰어 놓는다.','3. 양파와 깻잎은 채를 썰고, 당근은 직사각형으로 썰고, 대파는 송송 썰고, 느타리는 손으로 찢어 준비한다.','4. 고춧가루과 다진마늘, 간장, 올리고당, 후춧가루, 설탕을 넣고 골고루 섞어 양념장을 만든다.','5. 숙성시켜 놓은 삼겹살에 만들어 놓은 양념장을 넣고 골고루 무쳐 놓는다.','6. 팬에 기름을 살짝 둘러 양념한 고기(⑤) 를 먼저 볶은 후 고기가 중간쯤 익으면, 가지(②)와 썰어 놓은 채소(③)를 넣어 볶다가 마지막에 참기름과 잣을 넣고 한 번 더 볶은 후 통깨를 올려 완성한다.','','','',''),(32,'주꾸미샐러드','끓이기','반찬','129.8','16.5','12.1','1.7','244.8','주꾸미(120g), 밀가루(10g), 식초(10g) 양상추(30g), 미나리(30g), 홍고추(10g), 피망(20g) - 소스 : 배(40g), 무(20g), 와사비(5g), 설탕(20g) 다진 마늘(20g), 식초(10g), 소금(0.5g)','1. 끓는 물에 식초 한 방울을 떨어 뜨려 주꾸미를 데쳐 한김 식혀 먹기 좋게 썰어놓는다.','2. 끓는 물에 식초 한 방울을 떨어 뜨려 주꾸미를 데쳐 한김 식혀먹기 좋게 썰어놓는다.','3. 양상추는 손으로 뜯어, 찬물에 담그어 놓는다.','4. 미나리는 약 4cm 길이로 썰고, 홍고추는 어슷 썰어 씨를 살짝 제거하고 피망은 씨를 제거하고 미나리와 비슷한 길이로 썰어놓는다.','5. 강판에 곱게 간 배즙과 무즙에 와사비, 설탕, 다진마늘, 식초, 소금을 넣어 샐러드소스를 만든다.','6. 만들어 놓은 샐러드소스와 함께 썰어 놓은 주꾸미(②)와 채소(③, ④)를 넣어 먹기 직전에 버무려 완성한다.','','','',''),(33,'연어오븐구이','볶기','일품','285.9','8.1','28.7','15.4','222.1','연어(150g), 양파(50g), 토마토(100g), 파프리카(50g), 당근(30g), 마늘(20g), 청피망(30g), 레몬(1/4개), 소금(0.3g), 후춧가루(0.01g), 생크림(20g), 화이트크림(50g), 버터(20g)','1. 연어는 소금, 후춧가루, 레몬으로 마리네이드 한다.','2. 양파, 마늘은 입자있게 다진다.','3. 토마토는 씨를 제거하고 입자있게 썰고, 파프리카, 피망은 채 썬 뒤 볶는다.','4. 화이트크림, 생크림을 골고루 섞어 크림소스를 만든다.','5. 팬에 버터를 넣고 양파, 마늘을 볶다가 만들어 놓은 크림소스를 넣고 졸인다.','6. 접시에 볶은 야채를 담고, 200℃ 오븐에서 10분 정도 구운 연어를 담은 뒤 크림소스를 올린다.','','','',''),(34,'옥음밥','볶기','밥','231.2','75.9','5.9','6','341.2','옥수수콘(200g), 애호박(1/3개), 당근(20g), 양파(30g), 새송이버섯(1/2개), 마늘(10g), 라이스페이퍼(1장), 저염간장(20g), 쌀(150g), 후춧가루(0.01g), 식용유(10g)','1. 쌀은 깨끗이 씻어 30분 이상 불려 밥을 지어 식힌다.','2. 옥수수콘은 체에 걸러 물기를 뺀다.','3. 양파, 애호박, 당근, 양파 및 새송이버섯은 옥수수콘 크기로 썰고 마늘은 다진다.','4. 팬에 기름을 두르고 야채를 먼저 볶는다.','5. 볶은 야채에 식혀놓은 밥을 넣고 볶다가 저염간장, 후춧가루로 간을 하고 옥수수콘을 넣고 살짝 볶는다.','6. 팬에 기름을 자작하게 넣고, 라이스페이퍼를 둥글게 넣고 튀겨 그릇에 담은 뒤 볶음밥을 담는다.','','','',''),(35,'와사비 연어초밥','기타','밥','417.6','70','18.8','6.9','76','연어(100g), 쌀(150g), 당근(20g), 표고버섯(3장), 겨자가루(10g), 새싹(10g), 파슬리(5g), 식초(10g), 설탕(20g), 소금(0.2g)','1. 연어는 끝을 뾰족하게 살려 슬라이스한다.','2. 쌀은 깨끗이 씻어 30분 이상 불려 밥을 지어 식힌다.','3. 냄비에 식초, 설탕, 소금 약간과 물을 동량으로 넣고 끓인 뒤 식혀 촛물을 만들어 밥에 넣고 골고루 섞는다.','4. 당근과 표고버섯은 입자있게 다져 살짝 볶아 식혀놓은 초밥에 넣고 잘 섞어준다.','5. 와사비 가루에 30℃정도의 물을 넣고 섞은 뒤 발효 시키고, 초밥 형태를 만들어 그 위에 와사비를 바르고 연어를 올린 후 접시에 담는다.','6. 새싹과 파슬리는 찬물에 담았다 건져 물기를 빼고, 연어 초밥 옆에 올린다.','','','',''),(36,'초계탕','끓이기','국/찌개','103','7.1','16.2','1.1','90.1','닭고기(다리, 2개), 양파(50g), 파프리카(50g), 적양배추(20g), 오이(50g), 마늘(30g), 겨자가루(20g), 대파(20g), 소금(0.3g), 설탕(20g), 식초(10g)','1. 냄비에 마늘과 대파를 넣고 끓이다가 닭다리를 넣고 삶는다.','2. 닭을 삶아 놓은 육수는 걸러 기름을 제거 하고 차갑게 식힌다.','3. 삶아 놓은 닭고기는 결대로 찢는다.','4. 양파, 오이와 파프리카는 채썬다.','5. 적채는 채를 썰어 찬물에 담궈 건져 물기를 빼 놓는다.','6. 차갑게 걸러 놓은 닭 육수에 발효된 겨자와 소금 .설탕, 식초를 넣어 육수 간을 하고, 그릇에 닭살과 오이 적채, 파프리카 양파를 올려 차가운 육수를 넣어 완성한다.','','','',''),(37,'콩나물부추볶음','볶기','반찬','133.8','15','3.9','6.4','139.4','콩나물(150g), 부추(50g), 양파(30g), 당근(20g), 파(10g), 감자(50g), 소금(0.3g), 식용유(20g)','1. 감자는 채를 썰어 물에 담궈 전분을 제거하고, 양파와 당근 파는 채를 썬다.','2. 콩나물은 머리와 꼬리를 손질한다.','3. 물이 끓으면 손질한 콩나물을 넣는다.','4. 콩나물이 익으면 체에 건져 찬물에 헹군다.','5. 부추는 약 6cm 길이로 썬다.','6. 팬에 기름을 두르고 콩나물을 넣고 살짝 볶다가 썰어 놓은 야채를 넣고 볶으면서 소금 간을 하고 마지막에 부추를 넣고 완성한다.','','','',''),(38,'채소비빔밥','끓이기','밥','223.9','41.2','10.4','10.8','189.2','쌀 150g, 바지락 100g, 다진쇠고기 25g, 물 300g, 참기름 15g, 흰후추 1g, 다진마늘 15g 애호박 25g, 양파 25g, 오이 25g, 당근 25g, 표고 25g, 두부 50g, 함초 25g, 깻잎 10g, 양파 20g, 다진파 15g, 다진마늘 15g','1. 바지락은 해감을 시켜준 후 물에 넣어 바지락 육수를 만들어준다.','2. 바지락살은 따로 떼어내어 다진소고기와 다시 다져서 양념해 볶아준다.','3. 두부는 물기제거를 한 후 함초, 깻잎, 다진양파, 를 넣어 치대어 두부볶음을 만들어준다.','4. 애호박은 채 썰어주고 양파, 오이, 당근, 표고도 채 썰어 각각 볶아준다.','5. 볶은 바지락과 쌀을 넣어 밥을 한다.','6. 몰드에 밥과 각종 채소들을 올려주고 마지막에 두부 스크램블을 올려 밥을 완성한다.','','','',''),(39,'열무김치파스타','볶기','일품','270.4','42.1','6.6','8.4','371','파스타면 50g, 열무김치 100g, 오이 20g, 청홍고추 각각 15g 노란 파프리카 30g, 양파 30g, 당근 25g 생들기름 30g, 통깨 2g, 청양고추 30g','1. 뜨거운 물에 파스타면을 삶아낸 뒤 물기를 빼준다.','2. 송송 썬 청양고추를 생들기름에 볶아주다 면을 볶는다.','3. 볶아준 청양고추에 삶아진 면을 볶아준다.','4. 열무김치는 송송 썰어서 들기름에 살짝 볶아준다.','5. 오이는 돌려깎기 해서 채 썰어주고 청고추, 2가지색 파프리카, 당근도 채 썰어 각각 볶아 준다.','6. 청양고추에 볶아진 파스타면을 볶은 채소와 한 번 더 볶아 완성한다.','','','',''),(40,'해초갈비찜','끓이기','반찬','288.6','5.2','31.1','16','604.7','찜갈비 200g, 마른미역줄기 10g, 감자 20g, 양파 25g, 청고추 15g 홍고추 15g, 대추 4g, 당근 20g, 메추리알 25g, 맛간장 30g, 다진마늘 5g, 다진대파 5g, 생강청 15g, 후추 1g 참기름 3g, 올리고당 15g, 통깨 1g','1. 갈비는 핏물을 빼주고 뜨거운 물에 80% 이상 데쳐준 뒤 갈비와 감자를 물을 자작하게 넣고 청주, 생강청을 넣고 푹 삶아준다.','2. 양파, 청고추, 홍고추는 먹기 좋게 썰어준다.','3. 마른미역줄기는 냉수에 행군 뒤 물기를 빼준다.','4. 양념장을 바글바글 끓여준다.','5. 끓고 있는 양념장에 삶아진 갈비, 감자, 당근 순으로 끓이다 메추리알을 넣고 졸여준다.','6. 마지막에 미역줄기를 넣고 볶아주는 형식으로 갈비찜을 완성한다.','','','',''),(41,'버섯곤드레밥','끓이기','밥','250.2','45.6','8.8','3.7','196.6','쌀 100g, 건곤드레 10g, 느타리버섯 20g, 참기름 15g 비빔장 : 두부 50g, 된장 15g, 다진청고추 5g, 다진홍고추 5g, 다진마늘 2g 다진대파 2g, 참기름 15g, 통깨 2g','1. 곤드레는 뜨거운 물에 데쳐낸 뒤 깨끗하게 헹구고 송송 썰어준다.','2. 두부의 물기를 짜 준다.','3. 양념장 재료와 물기를 짠 두부로 양념장을 만들어준다.','4. 느타리버섯은 뜨거운 물에 데쳐낸 후 수분을 빼 가늘게 찢어준다.','5. 냄비에 참기름을 두르고 곤드레를 볶다가 쌀을 넣고 밥을 해준다.','6. 뜸을 들일 때 느타리버섯을 올려주어 밥을 완성한다.','','','',''),(42,'두부까나페','굽기','반찬','236','0.1','13.3','20.2','287.6','단단한 두부 150g, 슬라이스햄 25g, 올리브오일 15g, 로즈마리 1g, 볶은소금 1g, 마요네즈 30g, 당근 20g, 양파 50g, 오이 25g 소스 : 맛간장 15g, 양파 15g, 다진마늘 5g, 후추 0.5g','1. 두부는 1cm 두께로 잘라 볶은소금을 뿌려 수분을 제거한다.','2. 오이는 껍질 부분만 송송 썰어준다.','3. 당근, 양파는 송송 썰어준다.','4. 두부는 노릇하게 구워준다.','5. 오이, 당근, 양파를 소스에 버무려 샐러드를 만들고 소스도 함께 만든다.','6. 두부를 한입 크기로 잘라준 후 슬라이스햄과 샐러드를 올려 소스랑 함께 완성한다.','','','',''),(43,'망고샐러드','기타','반찬','105.7','15.5','1.9','4','50.3','증편 200g, 망고 150g, 양상추 30g, 치커리 20g, 방울토마토 60g, 양파 60g, 올리브오일 30g, 유자청 15g, 식초 15g, 볶은소금 2g, 후추 1g, 다진 파프리카(노랑) 15g 다진 청피망 15g, 다진 홍피망 15g, 통깨 5g','1. 증편은 팬에 구워준다.','2. 망고와 방울토마토는 먹기 좋게 잘라준다.','3. 모든 채소는 먹기 좋게 잘라서 물에 담근다.','4. 소스 재료를 섞어 소스를 만들고, 접시에 준비된 채소를 담고 소스를 뿌려준 후 구운 떡과 망고 를 올려 완성한다.','','','','','',''),(44,'가지토마토구이','굽기','반찬','164.8','7.1','5.4','12.7','171.2','가지(80g), 올리브오일(10g), 소금(0.5g), 토마토(40g) 모짜렐라치즈(30g) - 소스 : 토마토소스(20g), 토마토(40g) - 곁들임 : 팽이버섯(20g), 후춧가루(0.02g)','1. 가지는 약 10cm 길이로 길고, 납작하게 썰어 준비한다.','2. 팬에 올리브 오일을 살짝 둘러 썰어놓은 가지를 소금을 넣고 살짝 익힌다.','3. 토마토는 반은 토마토 형태로 납작하게 썰어 놓는다.','4. 토마토반은 입자있게 다져 준비한다.','5. 다진 토마토를 준비한 토마토소스에 섞어 살짝 어우러지게 끓여 준비한다.','6. 구운 가지위에 토마토와 모짜렐라치즈를 올려 팬에 굽고, 별도로 팽이버섯에 후춧가루를 뿌려 살짝 구워 접시에 담고, 끓여 놓은 토마토소스를 올려 완성한다.','','','',''),(45,'함박스테이크','굽기','반찬','323.8','36.6','41.9','27.8','628.6','다진소고기(120g), 다진돼지고기(120g), 양파(20g) 마늘(10g), 소금(0.3g), 후춧가루(0.02g), 달걀(20g) 녹말가루(5g), 빵가루(10g), 깻잎(5g), 올리브오일(10g) 메추리알(50g), 마른고추(5g), 대파, 마늘, 와인(20g), 저염간장(20g) 올리고당(20g), 설탕(10g) 토마토(20g)','1. 마늘과 양파는 입자있게 다져 볶아서 준비한다.','2. 다진 소고기와 돼지고기에 볶아놓은 마늘과 양파를 넣고, 소금과 후춧가루, 달걀물, 빵가루, 녹말가루를 넣어 골고루 치대어 숙성시킨다.','3. 깻잎은 곱게 채를 썰어 찬물에 담그어 놓아, 싱싱해 지면 건져 숙성된 고기에 넣는다.','4. 깻잎을 넣은 고기를 지름 4cm 크기의 함박스테이크 형태를 만들어 팬에 올리브오일을 넣고 익힌다.','5. 냄비에 마른고추와 대파, 마늘, 와인, 간장, 올리고당, 설탕을 넣어 끓이다가, 남은 토마토를 곱게 다져넣고, 은근히 졸인 뒤, 채에 걸러 놓는다.','6. 토마토는 원형을 살려 슬라이스하여 접시에 깔아준 뒤 익힌 함박스테이를 얹고 메추리알은 한 개씩 반숙 지단을 부쳐 익힌 함박스테이크 위에 올린다.','','','',''),(46,'냉파스타','볶기','일품','289.1','57.8','9','2.4','81.9','파스타면(100g), 올리브오일(10g), 소고기(50g) 저염간장(10g), 설탕(10g), 마늘(10g), 깻잎(10g) 양파(20g), 파프리카(20g), 육수(400g), 설탕(10g) 식초(10g), 저염간장(10g)','1. 스파게티는 약 10분 정도 삶아 건져 찬물에 헹궈 물기를 빼고 올리브오일을 발라 준비한다.','2. 소고기는 넓게 편으로 펴서 간장, 설탕, 마늘을 넣어 양념을 한다.','3. 양념된 소고기를 팬에 구워 냅킨위에 올려 기름을 빼놓는다.','4. 깻잎과 양파, 파프리카는 길게 채를 썰어 준비한다.','5. 팬에 기름을 넣고 팬이 뜨거울 때 양파를 넣어 재빠르게 볶아낸다.','6. 준비한 육수에 설탕과 식초, 저염간장을 넣어 차갑게 냉장보관하고, 그릇에 스파게티를 담고, 그 위에 볶은 양파와 깻잎, 파프리카와 구운 고기를 올린 후 차가운 육수를 부어 완성한다.','','','',''),(47,'두부곤약국수','끓이기','후식','40.4','2.2','3.1','2.1','80.2','실곤약 120g, 톳 20g, 간장 10g(2작은술), 참기름 5g(1작은술) 육수 파 5g, 마늘 5g, 다시마 5g(5cm), 멸치(中) 5g, 양파 25g(1/5개), 무 35g(1/20개) 장식 연두부 270g(2/3모), 당근 10g(3cm), 애호박 10g(3cm), 달걀 35g(1/2개)','1. 냄비에 물을 붓고 파, 마늘, 다시마, 멸치, 양파, 무를 넣어 육수를 만든다.','2. 당근과 애호박은 길이 3cm로 채 썬다.','3. 연두부는 9cm, 높이 3cm의 둥근 틀로 찍어 모양을 낸다.','4. 1의 육수에 애호박, 당근을 데친다.','5. 달걀은 황, 백 지단을 만들어 길이 2.5cm로 채 썬다.','6. 실곤약은 간장과 참기름, 톳과 함께 버무린다.','7. 접시에 연두부를 담고 그 위에 실곤약을 올린 후 애호박과 당근, 지단을 고명으로 올리고 육수를 붓는다.','','',''),(48,'부추된장칼국수','끓이기','일품','63.9','12','2.5','0.6','93.3','부추 30g, 중력분 150g(3/4컵), 애호박 80g(1/3개), 감자 100g(1/2개), 보리된장 15g(1큰술) 육수 무 150g(1/2개), 다시마 4g(5cm), 파 15g(10cm), 뒤포리(밴댕이) 10g(2마리), 황태머리 20g(1개), 마늘 4g(1쪽), 마른멸치 10g(3마리)','1. 부추를 물 100ml와 함께 믹서에 넣어서 간다.','2. 중력분을 체에 내린 후 1의 부추 물을 넣어 반죽해 냉장고에 넣어 숙성시 킨다.','3. 팬에 물과 무, 다시마, 파, 뒤포리, 황태머리, 마늘, 마른멸치를 넣고 거품을 제거하면서 육수를 끓인다.','4. 애호박과 감자를 부채꼴로 썰고, 감자는 갈변을 방지하기 위해 찬물에 담근다.','5. 반죽은 밀가루를 묻혀 밀대로 밀어 썬다.','6. 끓는 물에 면을 데친 후 찬물로 헹군다.','7. 끓여놓은 육수를 체와 면보에 거른 후, 팬에 부어 끓인 뒤 보리된장을 푼다.','','',''),(49,'감자밥','끓이기','밥','86.5','18.7','2.4','0.2','28.5','쌀 200g(1컵), 감자 200g(1개), 양파 100g(1/2개), 양송이버섯 50g(3개), 목이버섯 5g(3개), 칵테일새우 15g(3개), 깻잎 10g(12장)','1. 쌀은 씻은 후 30분 불린다.','2. 감자는 껍질을 벗겨 2×2×2cm 크기로 깍둑썬다.','3. 목이버섯은 물에 불려 손으로 찢는다.','4. 양파, 양송이버섯, 칵테일새우는 씻어 물기 제거 후 1.5×1.5×1.5cm로 깍둑 썬다.','5. 깻잎은 씻어 물기를 제거하고 다진다.','6. 냄비에 쌀과 물을 1:1 비율로 넣고 썰어둔 감자와 양파, 목이버섯, 양송이 버섯, 칵테일새우, 다진 깻잎을 넣고 뚜껑을 덮어 중불에서 끓인다.','7. 밥물이 끓기 시작하면 불을 최대한 약하게 줄이고 뜸을 들여 완성한다.','','',''),(50,'시금치 리조또','끓이기','밥','86.5','18.7','2.4','0.2','28.5','쌀 180g(1컵), 시금치 50g(1/2개), 마 10g(5cm), 두유 150g(3/4컵), 소금 1g, 버터 8g(1½작은술), 후춧가루 1g','1. 시금치는 뚜껑을 열고 데친 후, 물기를 뺀다.','2. 마, 시금치, 두유를 함께 갈아 체에 거른다.','3. 가열된 팬에 버터를 두르고 약불에서 2와 밥을 넣어 밥의 색을 입힌다.','4. 소금, 후춧가루로 간을 한 뒤 접시에 담아 완성한다.','','','','','',''),(51,'두릅 샐러드','굽기','후식','123.9','2.2','8.2','9.1','58.7','두릅 20g(2개), 가지 20g(1/5개), 레몬(껍질) 12g(1큰술), 청경채 25g(2개), 슬라이스연어 30g(2장), 크림치즈 5g(1작은술), 레몬 5g(1작은술) 드레싱 레몬즙15g(1큰술), 레드와인 30g(2큰술), 설탕 5g(1작은술)','1. 팬에 레드와인, 레몬즙, 설탕을 넣고 졸여 드레싱을 만든다.','2. 청경채와 두릅은 끓는 물에 데쳐 찬물에 식힌다.','3. 레몬은 부채꼴모양으로 썰고, 가지는 어슷하게 썰어 석쇠에 굽는다.','4. 슬라이스연어에 크림치즈를 넣고 말아준다.','5. 접시에 연어, 가지, 레몬, 두릅, 청경채를 담고 드레싱을 뿌려 완성한다.','','','','',''),(52,'새우탬벨','찌기','후식','76.2','4.4','5.8','3.9','97','보리새우 400g(2컵), 버터 5g(1작은술), 양파 40g(1/4개), 마늘 10g(2개), 바질 5g(3잎), 후춧가루 4g(1작은술), 달걀(흰자) 1 0g(2개) 드레싱 망고 100g(1개), 황파프리카 140g(1½개) 장식 방울토마토 10g(1개), 레디쉬 5g(1/2개), 어린잎채소 30g, 두릅 15g(1개)','1. 황파프리카와 망고를 믹서에 갈아 체에 내린다.','2. 방울토마토는 2등분해주고, 레디쉬는 슬라이스 한다.','3. 두릅은 뜨거운 물에 데쳐 찬물에 식힌다.','4. 보리새우, 양파, 마늘은 다져서 후춧가루, 바질, 달걀흰자를 넣어 섞는다.','5. 원형 틀에 버터를 발라 4번을 채우고 찜통에 넣어 찐다.','6. 접시에 1을 깔고 어린잎 채소를 올린다.','7. 그 위에 새우탬벨을 올린 후 방울토마토, 레디쉬, 어린잎채소, 두릅으로 장식해 완성한다.','','',''),(53,'구운 바나나','굽기','후식','158','27.7','2.8','4','5.2','바나나 100g(1개), 설탕 5g(1/2작은술) 장식 다진 호두 15g(1큰술)','1. 바나나는 껍질을 벗겨 2등분한다.','2. 가열된 팬에 기름을 두르지 않고 바나나를 굽는다.','3. 구워진 바나나의 겉면에 설탕을 뿌리고 가열된 팬에 굽는다.','4. 완성된 바나나를 접시에 담고, 다진 호두를 뿌린다. (기호에 따라 초코시럽, 캬라멜시럽 등을 뿌려 먹는다.)','','','','','',''),(54,'구운 고구마 무스','굽기','후식','178','26.4','2.7','6.8','8','고구마 200g(2개), 무염버터 10g(2작은술), 흑설탕 15g(1큰술), 오렌지주스 50g(1/4컵), 휘핑크림 20g(4작은술), 시나몬가루 1g, 넛맥가루 1g, 호두 40g 소스 오렌지 300g(2개), 딸기 30g(2개), 바나나 30g(1/4개), 민트 2g, 레몬즙 2g(1/2작은술)','1. 오렌지는 속을 파내 컵을 만들고, 오렌지속은 즙을 만든다.','2. 고구마는 삶아서 체에 내린다.','3. 호두는 기름 없는 팬에 볶아 다진다.','4. 가열된 팬에 무염버터를 넣어 녹인 후 고구마를 넣고 볶다가 흑설탕, 다진 호두, 시나몬가루, 넛맥가루, 오렌지 즙과 휘핑크림을 넣어 섞는다.','5. 오렌지컵에 고구마반죽을 채우고 호두를 뿌린다.','6. 175도의 오븐에 넣어 익힌다.','7. 오렌지, 딸기, 바나나를 잘라 민트와 레몬즙을 섞는다.','8. 구워진 오렌지컵에 7을 곁들인다.','',''),(55,'가지볶음밥','볶기','밥','234.9','20.15','3.33','1.14','505.1','단호박(100g), 양파(30g), 석박지(35g), 파프리카(40g), 가지(90g) 두부(50g), 밥(180g), 세발나물(10g) 양념 다진 마늘(5g), 저염된장(12g), 후춧가루(0.3g), 들기름(4g)','1. 단호박은 삶아 으깬다.','2. 양파, 석박지, 파프리카, 가지는 깍둑 썰고, 두부는 으깬다.','3. 팬에 다진 마늘, 양파, 석박지를 넣어 볶다가 두부를 넣고 수분이 없어질 때까지 볶다가 가지, 파프리카도 넣어 볶는다','4. 밥과 저염된장, 후춧가루를 넣고 볶다가 들기름을 넣어 한 번 더 볶는다.','5. 그릇에 담고 으깬 단호박과 세발나물을 곁들여 마무리한다.','','','','',''),(56,'닭고기볶음밥','볶기','밥','332.5','30.8','4.73','3.92','121','쌀(80g), 완두콩(10g), 닭고기(100g), 대추(10g), 수삼(20g) 양파(20g), 당근(10g), 강황가루(3g), 맛술(15g)','1. 쌀은 30분 정도 불린 뒤 동량의 물에 강황가루를 풀어 완두콩과 함께 넣어 밥을 짓는다.','2. 닭고기를 깨끗이 씻은 후 끓는 물에 살짝 데쳐 기름기를 제거한 뒤 작게 썰어 대추, 수삼과 함께 맛술에 재워 잡냄새를 없앤다.','3. 양파와 당근은 작게 깍둑 썬다.','4. 팬에 기름을 두른 후 재워둔 닭고기와 당근, 양파를 볶는다.','5. 강황밥을 넣고 같이 볶아 마무리한다.','','','','',''),(57,'닭가슴살 스테이크','굽기','일품','191.5','10','24.4','6','294','닭가슴살 280g, 미나리 50g, 쌀 50g, 청경채 60g, 무 150g, 맛간장 15g, 고춧가루 15g, 다진마늘 5g, 물 200g, 된장 15g, 매실청 15g, 들기름 10g, 다진양파 10g, 검은깨 5g, 다진마늘 5g','1. 미나리는 데친 후 먹기 좋은 크기로 잘라서 밥을 해준다.','2. 닭가슴살에 밥을 넣고 말아서 오븐에 굽는다.','3. 무는 물에 익히고 고춧가루와 무조림 재료를 넣어 졸여준다.','4. 청경채는 데친 후 팬에 살짝 볶아준다.','5. 소스를 만들어준다.','6. 접시에 무조림을 깔고 닭가슴살 구이를 올리고 청경채와 함께 소스를 뿌려 완성한다.','','','',''),(58,'강황 고구마밥','끓이기','밥','251.1','54.1','4.3','1.9','164.7','쌀 100g, 강황가루 15g, 고구마 50g, 닭육수 300g, 영양부추 10g, 다진청고추 15g, 다진홍고추 15g, 다진양파 15g, 간편 어간장 15g','1. 먼저 영양부추를 뺀 재료로 양념장을 30분 전에 만들어준다.','2. 쌀은 30분전에 불려주고 고구마는 껍질째 작은 깍두기 모양으로 잘라 냉수에 담가준다.','3. 닭육수에 강황가루를 풀어주고 쌀과 고구마를 고루 섞어 밥을 해준다.','4. 만들어진 양념장에 영양부추를 한입 크기로 잘라 최종 양념장을 만들어준다.','5. 그릇에 강황고구마밥을 담아주고 양념장과 함께 완성한다.','','','','',''),(59,'된장 시금치 옹심이','끓이기','국/찌개','167.3','25.1','14.9','0.8','771','시금치 150g, 감자 80g, 애호박 30g, 당근 20g, 양파 50g 청고추 15g, 홍고추 15g, 밀가루 30g, 바지락 100g, 저염된장 25g, 볶은소금 1g','1. 바지락은 볶은 소금에 담가 해감을 시켜준다.','2. 물 400g에 저염 된장과 바지락을 넣어 국물을 만들어준다.','3. 시금치 는 데 친 후 물기를 제거해 송송 다져준다.','4. 당근, 양파와 청홍고추는 채 썰고 애호박과 감자는 반달모양으로 썰어준다.','5. 다진 시금치와 밀가루를 이용해 완자를 만들어준다.','6. 만들어진 국물에 옹심이를 넣어 끓여주고 나머지 채소를 넣어 완성한다.','','','',''),(60,'비트무절임','기타','반찬','38.4','8.5','1','0','13.3','무 200g(1/3개), 비트 10g(5cm), 쪽파 10g(10cm) 소스 소금 2g(1/2작은술), 식초 20g(1⅓큰술), 설탕 10g(2작은술)','1. 비트는 강판에 갈아 비트 물을 만든다.','2. 무는 채 썬다.','3. 비트 물에 채 썬 무를 넣어 색을 들인다.','4. 소금, 식초, 설탕을 섞어 초절이 소스를 만든 후 색을 입힌 무를 넣어 재 운다.','5. 절인 무를 건져 그릇에 담고 0.5cm로 썬 쪽파를 올려 장식한다.','','','','',''),(61,'봄나물겉절이','끓이기','반찬','97','5.9','9.8','3.8','14.9','참나물 40g, 돌나물 20g, 닭 가슴살 80g(1개), 통후추 2g(1/2작은술), 마늘 5g(1개) 소스 겨자 5g(1작은술), 딸기 80g(5개), 다진 마늘 2g(½작은술), 파프리카 20g(1/5개), 올리브오일 10g(2작은술), 식초 5g(1작은술), 설탕 2g(1/2작은술) 장식 아몬드 2g(1개), 잣 5g(5개)','1. 겨자를 물에 섞은 후, 뜨거운 물에 중탕하여 발효시킨다.','2. 딸기는 믹서에 넣어 과육이 조금 남게 갈고 파프리카는 다진다.','3. 발효시킨 겨자에 올리브오일, 식초, 설탕과 다진 마늘, 다진 파프리카, 갈 아낸 딸기를 넣어 섞어 소스를 만든다.','4. 닭 가슴살은 마늘과 통후추와 함께 삶는다.','5. 참나물은 4cm로 썰고, 돌나물과 함께 씻는다.','6. 삶아진 닭 가슴살은 손으로 찢는다.','7. 참나물, 돌나물과 삶은 닭 가슴살을 3과 버무려주고 접시에 담는다.','8. 아몬드와 잣을 다져서 올려 완성한다.','',''),(62,'매생이순두부탕','끓이기','국/찌개','10.4','1.1','1.1','0.2','131.8','풋고추 5g(1/3개), 순두부 80g(1/3모), 매생이 120g, 홍합 120g 육수 다시마 20g(10cm), 멸치 60g(10개), 보리된장 15g(1큰술)','1. 매생이는 씻어 체에 거른다.','2. 물 250g에 다시마, 멸치, 보리된장을 넣어 육수를 만든다.','3. 육수가 끓으면 매생이와 홍합을 넣어 끓인다.','4. 순두부를 넣어 끓인다.','5. 매생이 순두부탕을 그릇에 담고 고추를 고명으로 올려 완성한다.','','','','',''),(63,'맑은 부대찌개','끓이기','국/찌개','80.2','2.5','4.4','5.9','209.8','건강생각프랑크그릴 20g, 건강생각햄 30g, 우리팜델리(스팸) 30g, 베이컨 10g, 배추김치(저염, 완숙) 40g, 돈육다짐육 10g(2작은술), 콩나물 30g, 양파 20g(1/8개), 표고버섯 10g(1개), 대두유 2g, 다진 마늘 2g(1/2작은술), 된장 10g(2작은술), 연두(CJ) 2g, 베이키드빈스 10g(2작은술) 육수 쌀 10g(2작은술), 닭 잡뼈 100g, 다진 생강 0.5g, 통후추 1g 장식 대파 10g(3cm), 청양고추 10g(1개), 홍고추 5g(1/2개), 쑥갓 10g','1. 쌀에 물을 넣고 믹서로 갈아 닭 잡뼈, 생강, 통후추를 넣고 2시간 끓인다.','2. 프랑크 햄, 대파, 고추는 어슷하게 썰고,b 사각 햄 0.5cm로 편 썰고, 표보 버섯과 양파는 채 썬다.','3. 햄은 끓는 물에 데치고,김치는 물에 씻는다.','4. 냄비에 기름을 두르고 다진 돼지고기, 베이컨, 데친 햄, 씻은 배추를 넣어 볶은 뒤 육수와 콩나물, 된장, 표고버섯, 다진 마늘, 연두, 베이키드빈스를 넣어 20분 끓인다.','5. 부대찌개에 대파와 고추, 쑥갓을 올려 완성한다.','','','','',''),(64,'견과류통삼겹살찜','찌기','반찬','345.4','6','14.9','29','282.4','돼지고기(통삼겹살, 200g), 땅콩(15g), 아몬드(5g), 말린 자두(15g) 호두(15g), 새우젓(5g), 마늘(20g), 파프리카(45g), 부추(15g) 돼지고기 밑간 간장(5g), 참기름(5g), 후춧가루(1g) 양념 들기름(5g), 고춧가루(5g) 소스 설탕(15g), 맛술(10g), 간장(5g), 닭육수(50g), 다진 마늘(5g) 다진 양파(10g), 다진 생강(5g), 다진 당근(5g)','1. 통삼겹살은 속을 판 뒤 땅콩, 아몬드, 말린 자두, 호두로 채운 뒤 돼지고기 밑간에 재워 놓는다.','2. 통삼겹살을 김 오른 찜기에 넣어 찐다.','3. 물기를 뺀 새우젓과 편 썬 마늘을 기름에 튀긴다.','4. 소스 재료를 끓인다.','5. 파프리카는 채 썰고, 부추는 먹기 좋은 크기로 썰어 들기름과 고춧가루에 버무린다.','6. 통삼겹살을 먹기 좋은 크기로 썰어 부추, 파프리카 위에 놓고 튀긴 새우젓과 마늘을 올린 뒤 소스를 곁들여 마무리한다.','','','',''),(65,'닭가슴살말이','찌기','반찬','233.1','3.98','2.22','3.59','113.6','닭가슴살(150g), 당근(10g), 시금치(10g) 마른 표고버섯(10g), 간장(5g), 참기름(3g), 견과류(16g) 단촛물 설탕(3g), 식초(10g) 겨자소스 설탕(28g), 발효겨자(28g), 식초(28g), 다진 잣(4g), 다진 땅콩(4g), 참깨(4g)','1. 닭가슴살은 곱게 다진다.','2. 당근은 채 썰어서 단촛물에 5분 정도 절이고, 시금치는 데쳐서 물기를 제거하고, 마른 표고버섯은 불린 뒤 곱게 채를 썰어 간장과 참기름에 버무린다.','3. 종이포일에 다진 가슴살을 올리고 그 위에 시금치, 당근, 표고버섯과 견과류를 올려 말아준다.','4. 김 오른 찜기에 넣어서 25분간 찐다.','5. 겨자소스를 만든다.','6. 닭가슴살말이에 겨자소스를 곁들여 마무리한다.','','','',''),(66,'두부말이찜','찌기','반찬','250.6','19.4','1.64','5.51','90.5','두부(150g), 불린 표고버섯(50g), 닭가슴살(100g) 톳(50g), 깻잎(10g), 참기름(5g) 반죽양념 다진 파(10g), 다진 마늘(10g), 부순 참깨(5g) 레몬소스 설탕(2g), 레몬즙(3g), 간장(0.5g), 식초(2g)','1. 두부는 으깨어 면포에 물기를 짜고, 불린 표고버섯도 물기를 꼭 짠 뒤 다지고, 닭가슴살은 곱게 다진다.','2. 두부, 표고버섯, 닭가슴살에 반죽양념을 넣어 치댄다.','3. 톳은 데쳐서 송송 썬다.','4. 쿠킹포일에 참기름을 바르고 반죽을 펼친 뒤 깻잎을 얹고 그 위에 톳을 올려 김밥 말듯이 만다.','5. 쿠킹 포일에 구멍을 내고 김이 오른 찜통에 10-15분 정도 찐다.','6. 두부말이가 식으면 적당한 크기로 썬 뒤 레몬소스를 살짝 뿌려 마무리한다.','','','',''),(67,'불고기덮밥','볶기','밥','332.5','58.3','12.6','5.4','192.5','쌀밥 200g, 소불고기 150g, 양파 60g, 청고추 15g, 홍고추 18g 팽이버섯 20g, 계란 60g, 쪽파 15g, 마늘기름 30g, 통깨 5g, 맛간장 15g, 생강청 15g, 다진마늘 10g, 다진대파 10g, 흰후추 1g, 참기름 5g','1. 소 불고기는 양념장을 버무려 팬에 볶아준다.','2. 청고추, 홍고추는 가늘게 채 썰어준다.','3. 양파는 채 썰고 쪽파도 한입 크기로 잘라준다.','4. 팽이도 먹기 좋은 크기로 잘라준다.','5. 계란물을 풀어준다.','6. 채소를 각각 볶아주다가 볶은 불고기에 섞어 주고 계란물을 풀어서 밥에 올려서 통깨를 뿌려 완성한다.','','','',''),(68,'바비큐리조또','끓이기','밥','301','39.4','10.5','11.2','269.9','통삼겹 200g, 맛간장 30g, 통후추 2g, 발사믹식초 30g, 흰후추 1g, 밥 150g, 청국장가루 15g, 야채육수 200g, 감자 30g 올리브오일 15g, 영양부추 20g, 적양배추 30g, 사과 70g, 마늘 25g, 올리브오일 10g','1. 사과와 적양배추는 먹기 좋은 크기로 잘라준다.','2. 감자를 작은 깍두기 모양으로 자르고 영양부추는 송송 잘라주어 청국장 리조또를 만들어준다.','3. 준비된 곁들이 채소를 올리브오일에 볶아준다.','4. 준비된 통삼겹은 물에 한번 80% 이상 데쳐준 후 조림장 재료에 물 200g을 넣고 은근히 졸여서 익혀준다.','5. 조림장에 졸여지는 통삼겹에 장이 한 큰술 남을 정도까지 졸여준다.','6. 접시에 곁들이 채소와 청국장 리조또를 함께 올려 셋팅한다.','','','',''),(69,'간편콩국수','끓이기','일품','229.9','26.2','12.3','8.4','183.4','메밀면 80g, 백일송이 25g, 마늘기름 15g, 통깨 2g, 볶은소금 1g, 애호박 50g, 양파 50g, 청고추 15g, 홍고추 15g, 두유 200g, 두부 60g','1. 두유와 두부를 믹서에 생수 100g을 넣고 갈아준다.','2. 애호박은 돌려깎기 해서 채 썰어주고 양파, 홍고추, 청고추도 가늘게 채 썰어준다.','3. 백일송이는 가늘게 찢어 볶아준다.','4. 애호박, 당근, 청고추, 홍고추를 각각 볶아준다.','5. 메밀면을 삶아서 준비한다.','6. 볼에 메밀면을 담고 고명을 올려준 후 믹서 에 갈은 두부두유를 뿌려 완성한다.','','','',''),(70,'모듬해물찜','끓이기','반찬','156.3','12','21','2.7','1010.5','전복 200g, 자숙새우 60g, 소라살 45g, 알마늘 20g, 대파 15g 청고추 15g, 홍고추 15g, 홍피망 15g, 양파 50g 양념장 : 멕시코고추 2g, 맛간장 30g, 올리고당 15g, 참기름 15g, 흰후추 1g, 물 200g','1. 자숙새우와 소라살은 한번 데친 후 소라살은 먹기 좋게 잘라준다.','2. 전복은 껍질을 벗기지 말고 세척해 준다.','3. 양파, 홍피망, 대파는 먹기 좋게 잘라준다.','4. 청고추, 홍고추도 먹기 좋게 잘라준다.','5. 데친 물 200g에 양념장을 만들어 멕시코 고추를 담가 숙성시켜준 뒤 양념장에 알마늘을 넣어 끓여준다.','6. 만들어진 양념장에 소라, 전복, 자숙새우, 준비된 채소 순으로 넣어 모듬해물찜을 완성 한다.','','','',''),(71,'실곤약팟타야','볶기','일품','147.2','11.6','13.1','5.4','212.4','실곤약(120g), 소고기(50g), 숙주(50g) 양파(20g), 청피망(10g), 홍고추(10g), 굴소스(20g), 다진 마늘(10g), 액젓(10g)','1. 뜨거운 물에 실곤약을 넣고, 약 20초 정도 삶아 건진다.','2. 양파와 청 피망, 홍고추는 약 5cm 길이로 채를 썰고, 홍고추 몇 개는 어슷썰어 놓는다.','3. 굴소스에 다진 마늘과 액젓을 넣고 섞는다.','4. 냄비에 소스(③)을 넣고 바글바글 끓여 팟타야소스를 만들어 놓는다.','5. 소고기는 만들어 놓은 팟타야소스에 볶는다.','6. 팬에 기름을 두르고, 채소를 먼저 볶다가 실곤약을 넣고 살짝 볶은 후 팟타야소스를 넣어 다시 볶다가 접시에 담고, 숙주와 고기를 올려 완성한다.','','','',''),(72,'닭고기라이스롤','끓이기','반찬','272.9','20.6','33','6.5','439.1','닭다리살(100g), 우유(50g), 후춧가루(0.02g), 수수(20g) 쌀(50g), 파프리카(20g), 당근(20g), 양파(20g) 애호박(20g), 소금(0.5g), 식용유(5g), 토마토(20g), 다진 마늘(10g), 케첩(20g), 육수(100g)','1. 닭고기살은 넓게 펴서, 약 10분 정도 우유에 담그어 놓는다.','2. 수수와 쌀은 깨끗이 씻어 찬물에 약 30분 정도 불려 밥을 지어 놓는다.','3. 파프리카는 가운데 씨를 제거하고 채를 썰고, 당근과 양파도 파프리카 길이로 채를 썰고, 애호박은 껍질 부분만 돌려 깎아 채를 썰어 준비한다.','4. 팬에 기름을 살짝 둘러 준비한 채소(③)에 소금을 넣고 볶아 놓는다.','5. 우유에서 닭고기를 건져 후춧가루를 살짝 뿌린 후 잡곡밥(②)과 볶아 놓은 채소(④)를 넣어 돌돌 말아 준다.','6. 토마토는 입자있게 다져 다진 마늘과 함께 볶다가 케첩과 육수를 넣고 끓인 뒤 말아놓은 닭고기를 넣고 은근히 졸이듯 익혀 완성한다.','','','',''),(73,'깐풍파스타','튀기기','일품','346.1','69.8','28.3','32.7','206.4','밀가루(200g), 뽕잎가루(10g), 백년초가루(10g) 호박가루(10g), 올리브오일(10g), 닭고기(200g), 생강(5g), 정종(10g), 소금(0.5g), 후춧가루(0.02g), 녹말가루(50g) 달걀(50g), 튀김기름(400g), 크림소스(30g), 설탕(10g), 파프리카(20g) 청피망(20g), 깻잎(10g)','1. 밀가루는 세 군데로 나눠 각각 뽕잎 가루와 호박가루, 백년초가루를 넣고 올리브오일을 넣어 반죽을 하고, 비닐봉투에 넣어 숙성시킨다.','2. 닭은 작게 토막을 내어 생강과 정종, 소금, 후춧가루를 뿌려 숙성시킨다.','3. 파프리카와 피망은 속을 파내고 작은 깍두기 모양으로 썰고, 깻잎은 잘게 썰어둔다.','4. 숙성된 밀가루를 각각 꺼내 밀대로 밀어, 파스타 굵기로 썰어 면을 데쳐 접시에 담아 놓는다.','5. 숙성한 닭(②)은 녹말가루와 달걀을 섞은 반죽을 입혀 170℃의 튀김기름에 두 번 튀겨 기름을 제거한다.','6. 파스타면(④) 위에 튀긴 닭(⑤)을 올리고 냄비에 크림소스를 끓이다가 설탕을 넣고, 다시 끓으면 파프리카와 피망, 깻잎(③)을 넣고, 한 번 더 끓인 후 깐풍파스타에 올려 완성한다.','','','',''),(74,'닭강정','튀기기','반찬','273.1','22.4','29.1','40.8','377.9','닭고기(200g), 카레가루(20g), 녹말가루(10g), 튀김기름(400g), 저염간장(20g), 레몬즙(10g), 설탕(10g) 꿀(10g), 다진마늘(10g), 요거트(20g), 양파(20g), 당근(20g), 파프리카(20g) 오이(20g), 케첩(10g)','1. 닭은 깨끗이 씻어 여러 번 토막을 낸다.','2. 토막 낸 닭을 카레가루와 녹말가루에 버무려 놓는다.','3. 양파와 당근, 파프리카, 오이는 크기를 작은 깍두기 모양으로 썰어 준비한다.','4. 팬에 식용유를 두르고 다진마늘를 살짝 볶은 뒤 저염간장에 레몬즙과 설탕, 꿀, 볶은 마늘을 넣어 섞는다.','5. 요거트에 썰어 놓은 양파와 당근, 파프리카, 오이, 케첩을 넣어 섞어준다.','6. 튀김기름 온도가 170℃가 되면 버무려 놓은 닭(②)을 넣고 두 번 튀겨, 기름을 제거하고, ④번 소스에 살짝 버무려 접시에 담아, 준비한 요거트소스(⑤)를 올려 완성한다.','','','',''),(75,'해물칼국수','끓이기','일품','184.6','27.4','12.7','2.7','150.3','밀가루(180g), 소금(0.3g), 녹말가루(20g), 덧밀가루(50g) 애호박(20g), 느타리버섯(20g), 양파(20g), 대파(20g) 홍합(20g), 새우(20g), 미더덕(10g), 저염간장(10g), 건새우(10g), 멸치(10g), 다시마(5g), 무(50g) 양파(20g), 마늘(20g)','1. 밀가루에 소금과 녹말가루를 넣고 반죽을 한다.','2. 냄비에 건새우와 머리와 내장을 제거한 멸치, 다시마, 무, 마늘, 양파를 넣고 약 30분 정도 끓여 체에 걸러 육수를 만들어 놓는다.','3. 호박은 반달모양으로 썰고, 느타리는 손으로 찢고, 양파와 대파는 길게 썰어 준비한다.','4. 새우는 요지를 이용하여 새우등의 내장을 제거하고, 홍합은 족사를 때어 내고 솔을 이용하여 껍질을 깨끗이 씻어낸 후 흐르는 물에 깨끗하게 행구고, 미더덕은 깨끗이 씻어 놓는다.','5. 반죽을 해 놓은 밀가루에 덧 밀가루를 뿌려가며 얇게 밀어준다.','6. 얇게 밀어 놓은 밀가루를 칼로 썰어 덧밀가루를 털어내고, 만들어 놓은 육수에 칼국수를 넣고, 준비한 채소 (③)와 해물(④)을 넣고 간장으로 간을 맞추어 완성한다.','','','',''),(76,'버섯리조또','끓이기','밥','213.7','40.3','5.2','3.5','66.5','양파(20g), 양송이(20g), 표고버섯(20g), 느타리버섯(20g) 버터(5g), 불린쌀(150g), 생크림(20g), 소금(0.05g), 건새우(10g), 건멸치(20g), 마늘(10g), 다시마(5g) 물(500ml)','1. 양파와 양송이, 표고버섯, 느타리버섯은 작게 썰어 준비해 놓는다.','2. 멸치와 새우, 마늘을 냄비에 담고, 물을 약 500㎖ 정도 붓고 끓여 육수를 만든다.','3. 냄비에 버터를 넣고, 양파와 버섯을 넣어 볶는다.','4. ③번의 냄비에 불린 쌀을 넣고 은근히 볶는다.','5. 볶아지는 냄비에 만들어 놓은 육수를 조금 넣는다.','6. 육수를 넣고 다시 은근히 볶으면서 뚜껑을 덮어 충분히 익힌 후, 마지막에 생크림과 소금을 넣고 완성한다.','','','',''),(77,'삼색소고기만두','끓이기','반찬','203.8','38.4','0.4','5.4','136.1','애호박(30g), 소금(0.5g), 부추(30g), 숙주(30g), 두부(30g) 달걀(50g), 소고기(50g), 다진 파(20g), 다진 마늘(10g) 참기름(5g), 후춧가루(0.03g), 시금치(30g), 소금(0.5g), 당근(30g), 들깨가루(30g) 밀가루(200g), 녹말가루(20g), 양파(20g), 다시마(10g), 건새우(10g), 건멸치(20g)','1. 시금치는 끓는 물에 소금을 넣고 데쳐 찬물에 식힌 후 곱게 갈아 준비한다.','2. 당근즙, 시금치즙, 들깨가루를 각각 준비한 뒤, 밀가루와 녹말가루를 세 개로 나눠 각각의 즙을 넣어 반죽 후 숙성시킨다.','3. 호박은 채를 썰어 소금에 살짝 절여 물기를 제거하고, 부추는 송송 썰고, 숙주는 데쳐 물기를 제거하고 다지고, 두부는 면포에 물기를 꼭 짜서 준비한다.','4. 달걀은 노란자와 흰자를 나눠 각각 지단을 붙여 준비한다. 냄비에 멸치와 다시마, 건새우, 양파를 넣고 약30분 정도 끓여 체에 걸러 육수를 만들어 놓는다.','5. 소고기는 곱게 다져, 파 , 마늘, 참기름, 후춧가루를 넣어 양념을 해 놓는다.','6. 준비한 채소(③)와 고기(⑤)를 섞어 만두속을 만들고, 숙성된 밀가루 반죽(②)을 밀어 만든 만두피에 만두 속을 넣어 만두를 만든다. 준비한 육수 (④)에 삼색 만두를 넣어 끓여 담고 그 위에 달걀지단을 올려 완성한다.','','','',''),(78,'탕평채','기타','반찬','174.3','40.8','1.4','0.6','607.3','청포묵(150g), 맛소금(1g), 참기름(5g), 소고기(30g) 저염간장(20g), 설탕(10g), 참기름(5g), 미나리(20g) 숙주(20g), 홍파프리카(20g), 달걀(30g), 김(3g), 통깨(3g), 저염간장(10g), 설탕(10g), 식초(10g)','1. 청포묵을 약 6~7cm 길이로 썰어 맛소금과 참기름에 살짝 버무려 놓는다.','2. 소고기는 채를 썰어 간장과 설탕, 참기름에 볶아놓고 미나리는 데쳐 찬물에 식혀 5~6cm 길이로 썰고, 숙주는 머리와 꼬리를 떼어 내고, 뜨거운 물에 데쳐 식혀 준비한다.','3. 홍파프리카는 씨를 제거하고 약 6cm 길이로 썰어 놓는다.','4. 달걀은 황백으로 나눠 각각 지단을 부쳐 채를 썰어 놓는다.','5. 김은 살짝 구어 봉투에 넣고 부수어 김가루를 만들어 놓는다.','6. 저염간장에 설탕과 식초를 넣어 골고루 섞어 탕평채 양념장을 만들고, 접시에 준비한 청포묵을 담고, 그 위에 채소와 고기를 올리고, 맨 위에 달걀지단과 김가루를 올린 후 양념장을 끼얹어 완성 한다.','','','',''),(79,'훈제연어롤','끓이기','반찬','222.1','11.8','47.9','9.3','696.1','훈제연어(100g), 양파(20g), 피클(20g), 후춧가루(0.02g), 오렌지(30g), 오렌지 주스(20g), 설탕(10g), 레몬(10g) 물녹말(10g), 스위트칠리(20g), 아스파라거스(20g), 어린잎(10g)','1. 훈제연어를 살포시 포를 뜬다.','2. 양파와 피클은 곱게 다져 준비한다.','3. 포를 떠 놓은 훈제 연어에 살짝 후춧 가루를 뿌리고, 양파와 피클을 넣어 말아준다.','4. 오렌지는 껍질과 과육을 분리해서 썰어 준비한다.','5. 냄비에 오렌지주스와 설탕과 레몬, 분리시킨 오렌지를 넣고 끓여준다.','6. 끓고 있는 오렌지소스에 물녹말과 스위 트칠리소스를 넣고 한 소큼만 끓인 후 말아 놓은 훈제 연어롤을 접시에 담고, 어린잎을 한쪽에 놓아주고, 오렌지 소스를 함께 올려 완성한다.','','','',''),(80,'크림닭','볶기','반찬','235.5','15','52','18.6','632.5','닭가슴살(120g), 우유(100g), 소금(0.5g), 후춧가루(0.02g) 밀가루(10g), 달걀(50g), 빵가루(20g), 튀김기름(100g) 양송이버섯(30g), 양파(20g), 버터(10g), 크림소스(20g) 캐슈넛(20g), 생크림(20g), 모짜렐라치즈(20g), 어린잎(10g), 파슬리가루(0.5g)','1. 우유에 닭가슴살을 넣어 약20분 정도 재워 놓는다.','2. 양송이버섯은 껍질을 벗기고, 양파와 캐슈넛과 각각 다져 준비한다.','3. 우유에 재워놓은 닭가슴살은 소금, 후춧가루를 뿌려 밀가루와 달걀물, 빵가루 순서로 입혀 기름에 튀기듯이 익혀 기름을 빼놓는다.','4. 팬에 버터를 넣고, 버터가 녹으면, 양송이와 양파를 넣고 볶는다.','5. 볶아지는 채소에 크림소스를 넣어 은근히 볶는다.','6. 소스가 볶아지면, 마지막에 다져 놓은 캐슈넛과 생크림, 모짜렐라치즈를 넣고 한 번 더 익힌 후, 접시에 어린잎과, 닭가슴살을 놓고, 크림소스를 곁들여 완성한다.','','','',''),(81,'등심채소롤','튀기기','반찬','290.8','52.5','26.5','23.9','522.4','돼지등심(100g), 소금(0.3g), 후춧가루(0.05g) 파프리카(30g), 시금치(30g), 파인애플(30g), 치즈(30g) 밀가루(20g), 달걀(50g), 빵가루(30g), 튀김기름(200g), 칠리소스(30g), 설탕(10g), 물녹말(녹말가루5g, 물 5g)','1. 등심은 넓게 펴서 소금과 후춧가루를 뿌려 준비한다.','2. 파프리카와 파인애플은 속을 제거하고 약 7cm 길이로 썰어놓는다.','3. 시금치는 끓는 물에 데쳐 찬물에 헹구어 준비한다.','4. 밑간을 해 놓은 등심에 준비한 파프리카와 시금치 파인애플을 넣는다.','5. 채소와 파인애플을 넣은 등심에 치즈를 넣고 돌돌말아 밀가루, 달걀물, 빵가루 순서로 입혀 튀김기름 170~180℃에서 약 3분 정도 튀겨 기름을 빼 놓는다.','6. 냄비에 칠리소소와 물, 설탕을 넣고 바글바글 끓이다가 물녹말을 넣고 한 번 더 끓인 후, 튀겨놓은 등심채소 롤에 함께 뿌려 완성한다.','','','',''),(82,'유부완자탕','끓이기','국&찌개','227.5','10.1','24.8','17.6','325.3','유부(50g), 두부(30g), 새우(50g), 배추(30g), 표고버섯(30g) 양파(30g), 당근(30g), 마늘(10g), 저염소금(0.5g) 후춧가루(0.05g), 미나리(20g), 육수(200g), 저염간장(20g)','1. 유부는 1/4 정도를 잘라 준비한다.','2. 잘라진 유부는 끓는 물에 약 20초 정도 데쳐 물기를 짜 놓는다.','3. 새우는 내장과 껍질을 제거 하고 곱게 으깨 준비한다.','4. 배추와 미나리는 끓는 물에 데치고, 표고버섯은 뜨거운 물에 불려 준비 한다.','5. 데친 배추와 표고버섯을 입자있게 다지고, 양파와 당근도 입자있게 다져 준비한다.','6. 두부는 물기를 짜 놓은 후 새우(③)와 다진 야채(⑤), 마늘, 소금, 후춧가루 를 넣고 골고루 섞는다. 유부(②)에 속을 넣고 미나리로 묶은 후, 끓는 육수에 유부주머니를 넣고 간장으로 간을 하여 완성한다.','','','',''),(83,'미니밥버거','굽기','밥','230.9','80','18','15.4','125.1','찹쌀(100g), 현미쌀(50g), 올리브오일(10g), 버터(10g), 다진소고기(50g), 양파(20g), 마늘(10g) 빵가루(10g), 생크림(10g), 으깬두부(20g) 소금(0.2g), 후춧가루(0.02g), 마요네즈(20g), 치즈(30g), 토마토(30g)','1. 찹쌀과 현미는 깨끗이 씻어 30분 이상 충분히 불려 밥을 지어, 둥글둥글하게 패티를 만들어 놓는다.','2. 마늘과 양파는 곱게 다져 볶아 준비 한다.','3. 다진고기에 볶은 양파와 마늘, 빵가루, 생크림, 으깬두부, 소금, 후춧가루를 넣어 골고루 섞는다.','4. 섞어진 소고기를 둥글게 패티를 만들어 놓는다.','5. 토마토는 편으로 썰어 준비한다.','6. 팬에 올리브 오일과 버터를 넣고 팬이 따끈하게 달궈지면, 밥패티를 먼저 굽고, 소고기 패티를 구운 후, 밥패티에 마요네즈를 살짝 바르고, 치즈와 토마토를 올리고, 구운 소고기패티를 올려 다시 밥패티를 덮어 완성한다.','','','',''),(84,'리코타치즈돈가스','튀기기','일품','206.4','32.8','26.2','26.7','328.5','돼지등심(120g), 소금(0.3g), 후춧가루(0.03g), 올리브오일(10g) 밀가루(10g), 달걀(50g), 빵가루(20g), 튀김기름(200g), 우유(50g), 레몬즙(10g), 모짜렐라치즈(10g), 양파(20g), 토마토(30g), 마늘(10g), 사과(20g) 케첩(20g), 돈가스소스(20g)','1. 돼지등심을 넓게 피고 소금과 후춧가루 올리브오일을 발라 숙성시킨다.','2. 우유를 끓이다가 레몬즙을 넣고 몽글 거리면, 소창에 걸러 리코타치즈를 만든다.','3. 양파와 토마토, 마늘, 사과는 입자있게 다져 케첩을 섞어준다.','4. 숙성시킨 등심에 리코타치즈를 올려준다.','5. 리코타치즈를 올린 등심에 다시 모짜렐 라치즈를 넣고 등심을 다시 위에 올려, 밀가루와 달걀물, 빵가루 순서로 입힌 뒤 튀김온도 170~180℃에 약 3분 정도 튀겨 기름을 빼 놓는다.','6. 냄비에 준비해 놓은 소스(③)를 넣고 볶다가 돈가스 소스를 넣고 다시 한 번 더 끓인 후 튀겨놓은 리코타돈가스(⑤)에 곁들여 완성한다.','','','',''),(85,'삼겹살부추찜','찌기','반찬','256.6','16.6','32.8','51','718.8','삼겹살(150g), 생강(20g), 양파(20g), 월계수잎(3g) 통후추(5g), 소주(10g), 된장(10g), 부추(50g) 편마늘(20g), 홍고추(10g), 저염간장(20g), 물(100g), 설탕(20g) 올리고당(20g), 통후추(5g), 생강(10g) 물녹말(녹말 10g, 물 10g)','1. 보쌈용 삼겹살을 깨끗이 씻어 생강채와 양파채, 월계수잎, 통후추와 소주를 넣고 약 1시간 정도 숙성을 시킨다.','2. 찜통에 물과 된장, 편마늘을 넣고 숙성된 삼겹살을 올려 약 50분 정도 찜을 하다가 부추를 올려 1분 정도 더 찜을 한다.','3. 부추는 약 6cm 길이로 썰어 준비한다.','4. 홍고추는 반으로 갈라 씨를 제거하고, 채를 썰어 놓는다.','5. 냄비에 간장과 물, 설탕, 올리고당, 통후추, 생강을 넣고 은근히 끓인다.','6. 소스가 은근히 끓고 있을 때 채로 생강과 통후추를 걸러내고, 물녹말을 풀어 한 소큼 더 끓인 후, 찜통에서 쪄 나온 부추와 삼겹살을 썰어 접시에 담고, 그 위에 소스와 홍고추를 올려 완성한다.','','','',''),(86,'전복죽','끓이기','밥','225.9','36','17.6','1.3','109.9','쌀(50g), 전복(50g), 새우살(20g),양송이(20g), 당근(10g) 참기름(10g), 잣(10g), 저염간장(5g)','1. 깨끗이 씻은 쌀에 물을 2배 정도 넣고 약 30분 정도 충분히 불려 준비한다.','2. 전복은 수저를 이용하여 껍질에서 떼어내어 내장을 분리해 놓는다.','3. 내장을 제거한 전복은 깨끗이 씻어, 썰어 놓는다.','4. 새우살은 꼬리를 제거하고 입자있게 썰어 놓는다.','5. 양송이는 껍질을 벗겨 입자있게 썰고, 당근도 양송이 크기에 맞게 썰어 놓는다.','6. 냄비에 참기름을 두르고, 전복을 은근히 볶다가, 다시 불린 쌀을 넣고 볶은 뒤 물을 넣고 약 20분 정도 끓인다. 죽이 끓으면 새우와 양송이, 당근을 넣고 은근히 저어가면서 다시 20분 정도 더 끓여, 죽이 어우러지면 잣을 올리고 저염간장을 함께 제공한다.','','','',''),(87,'관자버터구이','굽기','반찬','202.3','21.9','7.7','9.3','379.5','관자(2개), 시금치(30g), 비트(20g), 양파(30g), 오이피클(20g), 고추피클(20g), 마요네즈(20g), 꿀(20g), 버터(10g)','1. 양파, 오이피클, 고추피클은 입자있게 다진다.','2. 다진 양파와 피클에 마요네즈를 넣고 골고루 섞어 소스를 만든다.','3. 마요네즈소스에 꿀을 넣고 섞는다.','4. 관자의 앞뒤에 버터를 바른다.','5. 관자에는 버터를 발라 팬에 구워 접시에 담는다.','6. 비트, 양파, 데친 시금치를 넣고 갈아서 소스를 만들고 관자에 마요네즈소스와 시금치소스를 올린다.','','','',''),(88,'안심스테이크','굽기','일품','238.6','16.7','13.6','13.1','118.7','안심 160g, 아스파라거스 60g, 당근 25g, 감자 60g, 호두 40g, 망고 150g, 블루베리잼 30g, 다진마늘 15g, 버터 15g, 포도주 15g 올리고당 15g, 흰후추 1g, 볶은소금 1g','1. 망고를 먹기 좋은 크기로 자르고 소스재료로 소스를 만들어준다.','2. 호두를 곱게 다져준다.','3. 안심에 만들어진 소스를 발라주고 곱게 다진 호두가루를 발라준다.','4. 감자, 당근, 아스파라거스는 먹기 좋은 크기로 잘라서 버터에 볶아준다.','5. 호두를 발라준 안심을 구워준다.','6. 남은 망고소스를 다시 졸여서 구워진 안심 위에 뿌려주고 볶은 채소랑 완성한다.','','','',''),(89,'로제파스타','볶기','일품','202.6','37','10.4','10.4','41.4','홀토마토 50g, 토마토 100g, 다진양파 30g, 다진마늘 15g 푸실리 50g, 치즈가루 25g, 파슬리가루 1g, 함초소금2g, 마늘오일 15g, 양파 25g, 가지 25g, 파프리카 20g, 애호박 20g','1. 홀토마토와 토마토는 송송 다져준다.','2. 다진양파, 다진마늘과 다진토마토를 섞어 소스를 볶아서 신맛을 날려준다.','3. 푸실리는 삶아 오일에 버무려주고 볶아준다.','4. 양파, 애호박, 가지, 파프리카를 먹기 좋게 잘라 팬에 볶아준다.','5. 접시에 볶아진 채소와 파스타면을 서로 다시 볶아준다.','6. 접시에 푸슬리를 올려 셋팅하고 토마토소스를 뿌려주고 치즈가루를 뿌려 완성한다.','','','',''),(90,'티라미수','기타','후식','191.2','11','1.8','15.6','40','달걀노른자 1g, 설탕 6g, 물 5g, 크림치즈 7g, 생크림 30g, 설탕 0.5g, 진한 커피 0.2g, 코코아파우더 0.2g, 스펀지케익 7g','1. 스펀지케익 틀을 이용해 2장 찍고, 투명한 필름을 이용해 틀모양을 만든다. (투명한 용기를 사용해도 무방)','2. 달걀노른자에 물과 설탕과 크림치즈를 넣고 설탕이 녹을때 까지 저어준 뒤 생크림을 80% 거품내어 섞는다.','3. 커피에 설탕과 물을 섞어 커피시럽을 만든다.','4. 1의 스폰지케익을 필름틀에 깔고 커피시럽을 바른다.','5. 4의 틀에 크림치즈 혼합물을 반정도 채운다.','6. 5위에 스펀지케익을 올리고 커피시럽을 바르고 다시 크림치즈 혼합물을 올리고 그 위에 코코아 파우더를 뿌려 완성한다.','7. 6위에 스펀지케익을 올리고 커피시럽을 바르고 다시 크림치즈 혼합물을 올리고 그 위에 코코아 파우더를 뿌려 완성한다.','','',''),(91,'해산물 샤브샤브','끓이기','국/찌개','125','5.8','12','6.1','144','새우 13g, 모시조개 15g, 굴 25g, 패주 5g, 오징어 10g, 당귀잎 2.5g, 배추잎 2.5g, 샐러리잎 2.5g, 백만송이버섯 2.5g, 쑥갓 1.3g, 팽이버섯 1.3g, 곤약 2.5g, 단호박 5g, 다시물 9g, 볶은통깨 3.8g, 피넷버터 5.8g, 맛술 0.5g, 식초 1g, 타비스코 소스 1g, 진간장 1g','1. 새우는 내장을 제거하고 오징어는 껍질을 벗겨 안쪽에 대각선으로 칼집을 넣어 5x6cm로 썬다.','2. 굴은 소금물에 흔들어 씻고 패주는 3등분 하고 모시조개는 소금물에 담가 해감시킨다.','3. 곤약은 2x4cm로 썰어 가운데 칼집을 넣어 꼬아주고 버섯들은 찢어 준비한다.','4. 쑥갓, 셀러리, 당귀잎은 잎만 뜯어 준비하고 배추잎은 저며 썬다.','5. 통깨를 갈고 그 밖에 재료들은 모두 섞어 가는 체에 내려 땅콩 소스를 만든다.','6. 냄비에 다시마 국물을 붓고 소금으로 약하게 간을 한 다음 해산물과 채소를 번갈아 가면서 익혀 소스에 찍어 먹는다.','','','',''),(92,'고등어구이','굽기','반찬','189.9','6.3','14.7','20.3','105','고등어 70g, 밀가루 4g, 간장 1g, 올리브오일 13g, 발사믹식초 6g, 꿀 4g','1. 손질된 고등어는 5cm 길이로 토막낸 뒤 껍질에 칼집을 넣는다.','2. 칼집 낸 고등어에 밀가루를 묻힌다.','3. 오븐을 200℃로 예열한다.','4. 간장, 올리브오일, 발사믹식초, 꿀을 섞어 소스를 완성한다.','5. 고등어를 팬에 넣어 오븐에 굽는다.','6. 저나트륨발사믹소스와 구운 고등어를 함께 제공한다.','','','',''),(93,'골뱅이무침','기타','반찬','104','17.5','5.1','2.4','202','골뱅이 25g, 양파 13g, 대파 0.8g, 오이 25g, 미나리 13g, 깻잎 3g, 고춧가루 1g, 생강즙 1g, 사과주스 10g, 설탕 10g, 고추장 2g, 식초 3g, 깨소금 1g, 참기름 1.3g, 마늘다진것 1g, 청고추 5g, 홍고추 5g','1. 양파와 대파는 채 썰고 오이는 반달썰기한다.','2. 미나리와 깻잎은 다지듯 썬다.','3. 골뱅이는 물기를 제거하고 한 입 크기로 썬다.','4. 대파 채는 얼음물에 담가 둔다.','5. 저나트륨 초고추장소스를 만든다.','6. 내기 직전에 무친 후 완성한다.','','','',''),(94,'북어국','끓이기','국/찌개','67.1','2.6','10.2','1.9','329','북어채 12g, 무 20g, 콩나물 20g, 참기름 0.5g, 파채 2g, 마늘 1g, 후춧가루 0.2g, 국간장 3.5g, 물 100g, 계란 10g','1. 북어채를 물에 살짝 적신 후 물기를 없앤다.','2. 무는 씻은 후 2.5x2.5x0.5cm로 나박썰기한다.','3. 콩나물 꼬리는 떼어 낸다.','4. 냄비에 참기름을 두르고 북어와 무를 넣고 살짝 볶는다.','5. 물을 부어 한소큼 끓인 후 콩나물을 넣는다.','6. 콩나물이 익으면 파채, 마늘, 국간장을 넣고 달걀물을 풀어 다시 한번 끓인다.','','','',''),(95,'아보카도 두부 샐러드','기타','반찬','216.2','8.5','11.6','38.7','362','연두부 50g, 아보카도 35g, 게살냉동 50g, 양파 25g, 민트 0.25g, 고추냉이 갠것 6g, 간장 1g, 소금 0.2g, 레몬즙 10g, 올리브유 30g','1. 아보카도는 검은 빛이 돌면서 윤기가 흐르는 것을 골라 세로로 칼날을 넣어 칼날이 씨에 닿으면 한바퀴 돌린다.','2. 양손으로 아보카도 양 끝을 잡고 비틀면서 반으로 나누고 칼날 안쪽 모서리로 씨를 찔러서 빼낸다.','3. 아보카도 과육을 5cm 두께로 썬다.','4. 냉동 게살은 하룻밤 전에 냉장고로 옮겨 놓거나, 실온에서 해동시킨 후 잘게 찢는다. 양파는 얇게 채썰고 민트도 잘게 썬다.','5. 고추냉이 드레싱 재료를 섞는다.','6. 두부는 원형틀로 찍어두고 양파와 게살, 아보카도를 곁들이고 민트를 올린 뒤 드레싱을 뿌린다.','','','',''),(96,'고추잡채','볶기','반찬','150.6','4.9','6.2','11.7','147','돼지고기 30g, 청피망 30g, 죽순통조림 6g, 홍고추 1.4g, 표고버섯 7g, 소금 0.4g, 참기름 1g, 식용유 5g, 후춧가루 0.1g, 정종 1g, 달걀 4g, 녹말가루 3g','1. 고추는 반으로 갈라 속을 제거한다.','2. 손질한 고추는 3cm 길이로 채썬다.','3. 죽순, 표고버섯, 대파, 생강을 채썬다.','4. 돼지고기는 얇게 저민 후 0.3x5cm 길이로 곱게 채썰어 밑간 한다.','5. 밑간 한 돼지고기를 달걀흰자, 녹말가루에 묻혀 놓는다.','6. 팬에 식용유를 넣고 생강을 볶아 향을 내고 채소, 고기를 넣어 볶다가 간을 한 다음 참기름을 두르고 굽는다.','','','',''),(97,'나박김치','기타','반찬','39.6','9.7','2.4','0.3','196','배추잎 50g, 무30g, 당근 10g, 실파 5g, 수삼 10g, 마늘 3g, 생강 5g, 고춧가루 2.5g, 미나리 10g, 홍고추 2g, 물 70g, 소금 0.5g','1. 배추, 무는 2x2cm로 나박썬다.','2. 썰어논 배추, 무는 소금에 살짝 절여둔다.','3. 당근은 모양을 내어 썰고 실파, 미나리도 2cm로 썰어둔다.','4. 마늘과 생강, 홍고추는 채썰고 수삼은 어슷하게 썬다.','5. 물을 끓여 식힌 후 소창에 고춧가루를 싸서 김치국물을 만든다.','6. 무와 배추가 절여지며 준비한 재료들에 김치국물을 부어 완성한다.','','','',''),(98,'얼갈이 무침','끓이기','반찬','71.7','6.8','4.7','4.1','181','얼갈이 배추 60g, 홍고추 0.6g, 두부 30g, 된장 3.5g, 마늘 1.5g, 깨 2g, 참기름 1g, 사과 20g, 홍고추 5g,물 15g','1. 얼갈이 배추를 씻는다.','2. 씻은 배추는 끓는 물에 데친다.','3. 홍고추는 씨를 빼고 어슷하게 채썬다.','4. 데친 얼갈이 배추를 차가운 물에 씻어 꼭 짠다.','5. 저나트륨 무침양념 재료들을 믹서에 넣고 간다.','6. 4에 채썬 고추와 무침 양념을 넣고 버무린다.','','','',''),(99,'잡채','볶기','반찬','127.7','29.7','6.3','6.3','255','당면 20g, 등심 20g, 당근 5g, 표고버섯 10g, 느타리버섯 10g, 양파 10g, 호부추 5g, 도라지 10g, 달걀 5g, 간장 2g, 설탕 5g, 마늘 1g, 대파 10g, 후춧가루 0.1g, 깨소금 1g, 참기름 2g, 식용유 1g, 간장 1g, 물 2g, 설탕 1g, 식초 1g','1. 당면은 물에 불렸다가 끓는 물에 충분히 삶아 부드러워지면 차가운 물에 헹구어 물기를 뺀다.','2. 표고버섯은 불려 꼭 짜 채썬 후 간장, 들기름에 무쳐 팬에 볶는다.','3. 양배추, 오이, 당근, 깻잎, 상추, 피망, 파프리카는 곱게 채썬다.','4. 배를 강판에 간다.','5. 배와 간장, 소금, 식초, 겨자, 설탕을 넣어 잡채 양념을 만든다.','6. 큰 접시에 준비된 채소를 예쁘게 돌려 담고 가운데 당면을 놓은 후 양념을 부어준다.','','','',''),(100,'된장국','끓이기','국/찌개','49.5','3.4','8.3','0.3','45','밀가루 30g, 물냉이 15g, 팽이버섯 5g, 된장 8g, 파 3g, 국멸치 3g, 홍고추 2g, 다진 마늘 2.5g, 건다시마 2g, 물 250g','1. 밀가루에 물 20g 을 넣어 반죽을 하고 뚜껑 있는 그릇에 담아 30분 이상 냉장 보관한다.','2. 물 2컵에 국멸치와 다시마를 넣고 멸치다시마국물을 낸 뒤 다시마는 건져서 2~3cm 가량으로 채 썬다.','3. 냉이, 밑동을 자른 팽이버섯은 2~3cm 가량 썰고, 파와 홍고추는 어슷썰기 한다.','4. 멸치다시마국물 ⅔컵에 된장을 풀고 냉이와 밀가루반죽을 떼어 넣는다.','5. 수제비가 떠오르면 파, 마늘을 넣는다.','6. 그릇에 담아 팽이버섯, 다시마, 홍고추를 넣는다.','7. 멸치다시마국물 ⅔컵에 된장을 풀고 냉이와 밀가루반죽을 떼어 넣는다.','8. 수제비가 떠오르면 파, 마늘을 넣는다.','9. 그릇에 담아 팽이버섯, 다시마, 홍고추를 넣는다.',''),(101,'마파두부','끓이기','반찬','202.6','10.8','18.9','17.9','264','두부 100g, 돼지고기 갈은것 50g, 양파다진것 10g, 청피망 5g, 홍피망 2g, 대파 2g, 마늘다진것 1g, 생강다진것 0.2g, 식용유 3g, 고추장 3g, 두반장 3g, 진간장 1g, 백설탕 1g, 감자전분 5g, 참기름 0.5g, 후춧가루 0.1g','1. 피망과 돼지고기를 다진 뒤 생강즙, 후춧가루, 참기름으로 양념하고, 두부는 1.5cm 주사위모양으로 잘라 끓는물에 1분 간 데친다.','2. 대파는 0.2cm 길이로 썰고 청, 홍피망, 양파, 생강은 잘게 다진다.','3. 팬에 고추기름을 두르고 다진마늘, 생강을 넣고 볶아 향을 낸 뒤 돼지고기를 넣고 3분 간 볶는다.','4. 양파와 파를 넣고 볶다가 청, 홍피망과 두반장, 간장, 고추장, 설탕, 후춧가루를 넣고 2분간 볶은 뒤 분량의 물을 넣고 3분 간 끓인다.','5. 녹말물을 넣어 농도를 맞춘 뒤 1분 간 끓이고 데친 두부를 넣고 3분 간 끓인다.','6. 참기름을 넣어 향을 내고 통깨를 뿌린다.','7. 6에 양파와 파를 넣고 볶다가 청·홍피망과 두반장, 간장, 고추장, 설탕, 후춧가루를 넣어 2분간 볶다가 분량의 물을 넣어 3분간 끓인다.','8. 7에 물녹말을 넣고 농도를 맞춘 후에 1분간 끓인다.','9. 8에 데쳐둔 두부를 넣고 3분간 끓인 후 참기름을 넣고 1분간 더 익힌 후에 완성한다.-D 파프리카를 볶다가 섞어둔 조림장을 넣고 끓이다 걸쭉해지면 튀긴 두부를 넣고 조심스레 섞은 후 참기름과 통깨로 마무리 한다.',''),(102,'카프라제','기타','반찬','110.4','2.6','4.7','9.9','3','생 모짜렐라치즈 20g, 토마토 35g, 발사믹식초 2.5g, 식용유 6.4g, 바질 7.5g,잣 5g, 마늘 1g, 통후추 0.1g','1. 마늘, 잣, 바질, 오일을 분마기 또는 믹서를 이용해 갈아 페스토소스를 만든다.','2. 토마토는 두께 0.5cm 두께로 둥글게 썰고, 모짜렐라치즈는 8등분 하여 준비한다.','3. 접시 중앙에 샐러드용 채소를 담는다.','4. 발사믹식초는 팬에서 1/2로 졸인다.','5. 샐러드를 담은 접시 옆에 토마토와 치즈를 올리고 통후추를 토마토와 치즈 위에 소량 뿌린다.','6. 접시에 전체적으로 식용유를 뿌리고 치즈와 토마토 위에 준비된 저나트륨 페스토소스를 뿌리고 채소에는 졸인 발사믹식초를 뿌려 완성한다.','7. 접시에 전체적으로 식용유를 뿌리고 치즈와 토마토 위에 준비된 저나트륨 페스토소스를 뿌리고 채소에는 졸인 발사믹식초를 뿌려 완성한다.','','',''),(103,'크렘브륄레','굽기','후식','302.2','12.7','3.3','33.5','31','우유 20g, 생크림 80g, 흰설탕 5g, 바닐라빈 0.2g, 달걀노른자 5g, 밀가루 3g, 황설탕 2g','1. 불에 우유와 생크림, 설탕을 섞고 바닐라빈을 반을 갈라 끓인다.','2. 다른 불에 달걀노른자를 넣고 설탕, 밀가루를 넣고 섞어둔다.','3. 우유, 생크림 혼합물을 냄비에 넣고 뭉근한 불에서 데운 뒤 달걀노른자에 익지 않도록 조금씩 넣어 섞는다.','4. 약한 불로 익히면서 졸아들어 농도가 생기면 불에서 내린다.','5. 끓인 크림을 오븐용기에 2/3정도 채운 뒤 100℃ 오븐에서 중탕하여 익히고 냉장고에서 완전히 차게 식힌다.','6. 차갑게 식은 크립위에 황설탕을 뿌리고 가스토치로 설탕표면을 가열한다.','7. 차갑게 식은 크립위에 황설탕을 뿌리고 가스토치로 설탕표면을 가열한다.','','','');
/*!40000 ALTER TABLE `recipe` ENABLE KEYS */;
UNLOCK TABLES;

--
-- Table structure for table `recipe_link`
--

DROP TABLE IF EXISTS `recipe_link`;
/*!40101 SET @saved_cs_client     = @@character_set_client */;
/*!50503 SET character_set_client = utf8mb4 */;
CREATE TABLE `recipe_link` (
  `no` int NOT NULL,
  `menuImg` varchar(100) DEFAULT NULL,
  `link1` varchar(100) DEFAULT NULL,
  `link2` varchar(100) DEFAULT NULL,
  `link3` varchar(100) DEFAULT NULL,
  `link4` varchar(100) DEFAULT NULL,
  `link5` varchar(100) DEFAULT NULL,
  `link6` varchar(100) DEFAULT NULL,
  `link7` varchar(100) DEFAULT NULL,
  `link8` varchar(100) DEFAULT NULL,
  `link9` varchar(100) DEFAULT NULL,
  `link10` varchar(100) DEFAULT NULL,
  PRIMARY KEY (`no`),
  CONSTRAINT `recipe_link_ibfk_1` FOREIGN KEY (`no`) REFERENCES `recipe` (`no`)
) ENGINE=InnoDB DEFAULT CHARSET=utf8mb4 COLLATE=utf8mb4_0900_ai_ci;
/*!40101 SET character_set_client = @saved_cs_client */;

--
-- Dumping data for table `recipe_link`
--

LOCK TABLES `recipe_link` WRITE;
/*!40000 ALTER TABLE `recipe_link` DISABLE KEYS */;
INSERT INTO `recipe_link` VALUES (1,'http://www.foodsafetykorea.go.kr/uploadimg/cook/10_00129_1.png','http://www.foodsafetykorea.go.kr/uploadimg/cook/20_00130_1.png','http://www.foodsafetykorea.go.kr/uploadimg/cook/20_00130_2.png','','','','','','','',''),(2,'http://www.foodsafetykorea.go.kr/uploadimg/cook/10_00074_1.png','http://www.foodsafetykorea.go.kr/uploadimg/cook/20_00074_1.png','','','http://www.foodsafetykorea.go.kr/uploadimg/cook/20_00074_4.png','http://www.foodsafetykorea.go.kr/uploadimg/cook/20_00074_5.png','','','','',''),(3,'http://www.foodsafetykorea.go.kr/uploadimg/cook/10_00037_1.png','','http://www.foodsafetykorea.go.kr/uploadimg/cook/20_00037_2.png','','http://www.foodsafetykorea.go.kr/uploadimg/cook/20_00037_4.png','','http://www.foodsafetykorea.go.kr/uploadimg/cook/20_00037_6.png','','','',''),(4,'http://www.foodsafetykorea.go.kr/uploadimg/cook/10_00087_1.png','http://www.foodsafetykorea.go.kr/uploadimg/cook/20_00087_1.png','http://www.foodsafetykorea.go.kr/uploadimg/cook/20_00087_2.png','','http://www.foodsafetykorea.go.kr/uploadimg/cook/20_00087_4.png','','','','','',''),(5,'http://www.foodsafetykorea.go.kr/uploadimg/cook/10_00110_1.png','http://www.foodsafetykorea.go.kr/uploadimg/cook/20_00110_1.png','','http://www.foodsafetykorea.go.kr/uploadimg/cook/20_00110_3.png','','http://www.foodsafetykorea.go.kr/uploadimg/cook/20_00110_5.png','','','','',''),(6,'http://www.foodsafetykorea.go.kr/uploadimg/cook/10_00116_1.png','http://www.foodsafetykorea.go.kr/uploadimg/cook/20_00116_1.png','','http://www.foodsafetykorea.go.kr/uploadimg/cook/20_00116_3.png','','http://www.foodsafetykorea.go.kr/uploadimg/cook/20_00116_5.png','','','','',''),(7,'http://www.foodsafetykorea.go.kr/uploadimg/cook/10_00178_1.png','http://www.foodsafetykorea.go.kr/uploadimg/cook/20_00178_1.png','http://www.foodsafetykorea.go.kr/uploadimg/cook/20_00178_2.png','','http://www.foodsafetykorea.go.kr/uploadimg/cook/20_00178_4.png','','','','','',''),(8,'http://www.foodsafetykorea.go.kr/uploadimg/cook/10_00180_1.png','http://www.foodsafetykorea.go.kr/uploadimg/cook/20_00180_1.png','http://www.foodsafetykorea.go.kr/uploadimg/cook/20_00180_2.png','','','','','http://www.foodsafetykorea.go.kr/uploadimg/cook/20_00180_7.png','','',''),(9,'http://www.foodsafetykorea.go.kr/uploadimg/cook/10_00197_1.png','','http://www.foodsafetykorea.go.kr/uploadimg/cook/20_00197_2.png','','http://www.foodsafetykorea.go.kr/uploadimg/cook/20_00197_4.png','','http://www.foodsafetykorea.go.kr/uploadimg/cook/20_00197_6.png','','','',''),(10,'http://www.foodsafetykorea.go.kr/uploadimg/cook/10_00202_1.png','http://www.foodsafetykorea.go.kr/uploadimg/cook/20_00202_1.png','http://www.foodsafetykorea.go.kr/uploadimg/cook/20_00202_2.png','','','http://www.foodsafetykorea.go.kr/uploadimg/cook/20_00202_5.png','','','','',''),(11,'http://www.foodsafetykorea.go.kr/uploadimg/cook/10_00203_1.png','http://www.foodsafetykorea.go.kr/uploadimg/cook/20_00203_1.png','http://www.foodsafetykorea.go.kr/uploadimg/cook/20_00203_2.png','','','http://www.foodsafetykorea.go.kr/uploadimg/cook/20_00203_5.png','','','','',''),(12,'http://www.foodsafetykorea.go.kr/uploadimg/cook/10_00641_1.png','http://www.foodsafetykorea.go.kr/uploadimg/cook/20_00641_1.png','http://www.foodsafetykorea.go.kr/uploadimg/cook/20_00641_2.png','http://www.foodsafetykorea.go.kr/uploadimg/cook/20_00641_3.png','http://www.foodsafetykorea.go.kr/uploadimg/cook/20_00641_4.png','http://www.foodsafetykorea.go.kr/uploadimg/cook/20_00641_5.png','http://www.foodsafetykorea.go.kr/uploadimg/cook/20_00641_6.png','','','',''),(13,'http://www.foodsafetykorea.go.kr/uploadimg/cook/10_00642_1.png','http://www.foodsafetykorea.go.kr/uploadimg/cook/20_00642_1.png','http://www.foodsafetykorea.go.kr/uploadimg/cook/20_00642_2.png','http://www.foodsafetykorea.go.kr/uploadimg/cook/20_00642_3.png','http://www.foodsafetykorea.go.kr/uploadimg/cook/20_00642_4.png','http://www.foodsafetykorea.go.kr/uploadimg/cook/20_00642_5.png','http://www.foodsafetykorea.go.kr/uploadimg/cook/20_00642_6.png','','','',''),(14,'http://www.foodsafetykorea.go.kr/uploadimg/cook/10_00643_1.png','http://www.foodsafetykorea.go.kr/uploadimg/cook/20_00643_1.png','http://www.foodsafetykorea.go.kr/uploadimg/cook/20_00643_2.png','http://www.foodsafetykorea.go.kr/uploadimg/cook/20_00643_3.png','http://www.foodsafetykorea.go.kr/uploadimg/cook/20_00643_4.png','http://www.foodsafetykorea.go.kr/uploadimg/cook/20_00643_5.png','http://www.foodsafetykorea.go.kr/uploadimg/cook/20_00643_6.png','','','',''),(15,'http://www.foodsafetykorea.go.kr/uploadimg/cook/10_00271_1.png','http://www.foodsafetykorea.go.kr/uploadimg/cook/20_00271_1.png','http://www.foodsafetykorea.go.kr/uploadimg/cook/20_00271_2.png','http://www.foodsafetykorea.go.kr/uploadimg/cook/20_00271_3.png','http://www.foodsafetykorea.go.kr/uploadimg/cook/20_00271_4.png','http://www.foodsafetykorea.go.kr/uploadimg/cook/20_00271_5.png','','','','',''),(16,'http://www.foodsafetykorea.go.kr/uploadimg/cook/10_00272_1.png','http://www.foodsafetykorea.go.kr/uploadimg/cook/20_00272_1.png','http://www.foodsafetykorea.go.kr/uploadimg/cook/20_00272_2.png','http://www.foodsafetykorea.go.kr/uploadimg/cook/20_00272_3.png','http://www.foodsafetykorea.go.kr/uploadimg/cook/20_00272_4.png','http://www.foodsafetykorea.go.kr/uploadimg/cook/20_00272_5.png','','','','',''),(17,'http://www.foodsafetykorea.go.kr/uploadimg/cook/10_00277_1.png','http://www.foodsafetykorea.go.kr/uploadimg/cook/20_00277_1.png','http://www.foodsafetykorea.go.kr/uploadimg/cook/20_00277_2.png','http://www.foodsafetykorea.go.kr/uploadimg/cook/20_00277_3.png','http://www.foodsafetykorea.go.kr/uploadimg/cook/20_00277_4.png','http://www.foodsafetykorea.go.kr/uploadimg/cook/20_00277_5.png','http://www.foodsafetykorea.go.kr/uploadimg/cook/20_00277_6.png','','','',''),(18,'http://www.foodsafetykorea.go.kr/uploadimg/cook/10_00278_1.png','http://www.foodsafetykorea.go.kr/uploadimg/cook/20_00278_1.png','http://www.foodsafetykorea.go.kr/uploadimg/cook/20_00278_2.png','http://www.foodsafetykorea.go.kr/uploadimg/cook/20_00278_3.png','http://www.foodsafetykorea.go.kr/uploadimg/cook/20_00278_4.png','http://www.foodsafetykorea.go.kr/uploadimg/cook/20_00278_5.png','http://www.foodsafetykorea.go.kr/uploadimg/cook/20_00278_6.png','','','',''),(19,'http://www.foodsafetykorea.go.kr/uploadimg/cook/10_00279_1.png','http://www.foodsafetykorea.go.kr/uploadimg/cook/20_00279_1.png','http://www.foodsafetykorea.go.kr/uploadimg/cook/20_00279_2.png','http://www.foodsafetykorea.go.kr/uploadimg/cook/20_00279_3.png','http://www.foodsafetykorea.go.kr/uploadimg/cook/20_00279_4.png','http://www.foodsafetykorea.go.kr/uploadimg/cook/20_00279_5.png','http://www.foodsafetykorea.go.kr/uploadimg/cook/20_00279_6.png','','','',''),(20,'http://www.foodsafetykorea.go.kr/uploadimg/cook/10_00387_1.png','http://www.foodsafetykorea.go.kr/uploadimg/cook/20_00387_01.png','http://www.foodsafetykorea.go.kr/uploadimg/cook/20_00387_02.png','http://www.foodsafetykorea.go.kr/uploadimg/cook/20_00387_03.png','http://www.foodsafetykorea.go.kr/uploadimg/cook/20_00387_04.png','http://www.foodsafetykorea.go.kr/uploadimg/cook/20_00387_05.png','http://www.foodsafetykorea.go.kr/uploadimg/cook/20_00387_06.png','','','',''),(21,'http://www.foodsafetykorea.go.kr/uploadimg/cook/10_00510_1.png','http://www.foodsafetykorea.go.kr/uploadimg/cook/20_00510_1.png','http://www.foodsafetykorea.go.kr/uploadimg/cook/20_00510_2.png','http://www.foodsafetykorea.go.kr/uploadimg/cook/20_00510_3.png','http://www.foodsafetykorea.go.kr/uploadimg/cook/20_00510_4.png','http://www.foodsafetykorea.go.kr/uploadimg/cook/20_00510_5.png','http://www.foodsafetykorea.go.kr/uploadimg/cook/20_00510_6.png','','','',''),(22,'http://www.foodsafetykorea.go.kr/uploadimg/cook/10_00511_1.png','http://www.foodsafetykorea.go.kr/uploadimg/cook/20_00511_1.png','http://www.foodsafetykorea.go.kr/uploadimg/cook/20_00511_2.png','http://www.foodsafetykorea.go.kr/uploadimg/cook/20_00511_3.png','http://www.foodsafetykorea.go.kr/uploadimg/cook/20_00511_4.png','http://www.foodsafetykorea.go.kr/uploadimg/cook/20_00511_5.png','http://www.foodsafetykorea.go.kr/uploadimg/cook/20_00511_6.png','','','',''),(23,'http://www.foodsafetykorea.go.kr/uploadimg/cook/10_00512_1.png','http://www.foodsafetykorea.go.kr/uploadimg/cook/20_00512_1.png','http://www.foodsafetykorea.go.kr/uploadimg/cook/20_00512_2.png','http://www.foodsafetykorea.go.kr/uploadimg/cook/20_00512_3.png','http://www.foodsafetykorea.go.kr/uploadimg/cook/20_00512_4.png','http://www.foodsafetykorea.go.kr/uploadimg/cook/20_00512_5.png','http://www.foodsafetykorea.go.kr/uploadimg/cook/20_00512_6.png','','','',''),(24,'http://www.foodsafetykorea.go.kr/uploadimg/cook/10_00513_1.png','http://www.foodsafetykorea.go.kr/uploadimg/cook/20_00513_1.png','http://www.foodsafetykorea.go.kr/uploadimg/cook/20_00513_2.png','http://www.foodsafetykorea.go.kr/uploadimg/cook/20_00513_3.png','http://www.foodsafetykorea.go.kr/uploadimg/cook/20_00513_4.png','http://www.foodsafetykorea.go.kr/uploadimg/cook/20_00513_5.png','http://www.foodsafetykorea.go.kr/uploadimg/cook/20_00513_6.png','','','',''),(25,'http://www.foodsafetykorea.go.kr/uploadimg/cook/10_00663_1.png','http://www.foodsafetykorea.go.kr/uploadimg/cook/20_00663_1.png','http://www.foodsafetykorea.go.kr/uploadimg/cook/20_00663_2.png','http://www.foodsafetykorea.go.kr/uploadimg/cook/20_00663_3.png','http://www.foodsafetykorea.go.kr/uploadimg/cook/20_00663_4.png','http://www.foodsafetykorea.go.kr/uploadimg/cook/20_00663_5.png','http://www.foodsafetykorea.go.kr/uploadimg/cook/20_00663_6.png','','','',''),(26,'http://www.foodsafetykorea.go.kr/uploadimg/cook/10_00665_1.png','http://www.foodsafetykorea.go.kr/uploadimg/cook/20_00665_1.png','http://www.foodsafetykorea.go.kr/uploadimg/cook/20_00665_2.png','http://www.foodsafetykorea.go.kr/uploadimg/cook/20_00665_3.png','http://www.foodsafetykorea.go.kr/uploadimg/cook/20_00665_4.png','http://www.foodsafetykorea.go.kr/uploadimg/cook/20_00665_5.png','http://www.foodsafetykorea.go.kr/uploadimg/cook/20_00665_6.png','','','',''),(27,'http://www.foodsafetykorea.go.kr/uploadimg/cook/10_00670_1.png','http://www.foodsafetykorea.go.kr/uploadimg/cook/20_00670_1.png','http://www.foodsafetykorea.go.kr/uploadimg/cook/20_00670_2.png','http://www.foodsafetykorea.go.kr/uploadimg/cook/20_00670_3.png','http://www.foodsafetykorea.go.kr/uploadimg/cook/20_00670_4.png','http://www.foodsafetykorea.go.kr/uploadimg/cook/20_00670_5.png','http://www.foodsafetykorea.go.kr/uploadimg/cook/20_00670_6.png','','','',''),(28,'http://www.foodsafetykorea.go.kr/uploadimg/cook/10_00671_1.png','http://www.foodsafetykorea.go.kr/uploadimg/cook/20_00671_1.png','http://www.foodsafetykorea.go.kr/uploadimg/cook/20_00671_2.png','http://www.foodsafetykorea.go.kr/uploadimg/cook/20_00671_3.png','http://www.foodsafetykorea.go.kr/uploadimg/cook/20_00671_4.png','http://www.foodsafetykorea.go.kr/uploadimg/cook/20_00671_5.png','http://www.foodsafetykorea.go.kr/uploadimg/cook/20_00671_6.png','','','',''),(29,'http://www.foodsafetykorea.go.kr/uploadimg/cook/10_00672_1.png','http://www.foodsafetykorea.go.kr/uploadimg/cook/20_00672_1.png','http://www.foodsafetykorea.go.kr/uploadimg/cook/20_00672_2.png','http://www.foodsafetykorea.go.kr/uploadimg/cook/20_00672_3.png','http://www.foodsafetykorea.go.kr/uploadimg/cook/20_00672_4.png','http://www.foodsafetykorea.go.kr/uploadimg/cook/20_00672_5.png','http://www.foodsafetykorea.go.kr/uploadimg/cook/20_00672_6.png','','','',''),(30,'http://www.foodsafetykorea.go.kr/uploadimg/cook/10_00531_1.png','http://www.foodsafetykorea.go.kr/uploadimg/cook/20_00531_1.png','http://www.foodsafetykorea.go.kr/uploadimg/cook/20_00531_2.png','http://www.foodsafetykorea.go.kr/uploadimg/cook/20_00531_3.png','http://www.foodsafetykorea.go.kr/uploadimg/cook/20_00531_4.png','http://www.foodsafetykorea.go.kr/uploadimg/cook/20_00531_5.png','http://www.foodsafetykorea.go.kr/uploadimg/cook/20_00531_6.png','','','',''),(31,'http://www.foodsafetykorea.go.kr/uploadimg/cook/10_00539_1.png','http://www.foodsafetykorea.go.kr/uploadimg/cook/20_00539_1.png','http://www.foodsafetykorea.go.kr/uploadimg/cook/20_00539_2.png','http://www.foodsafetykorea.go.kr/uploadimg/cook/20_00539_3.png','http://www.foodsafetykorea.go.kr/uploadimg/cook/20_00539_4.png','http://www.foodsafetykorea.go.kr/uploadimg/cook/20_00539_5.png','http://www.foodsafetykorea.go.kr/uploadimg/cook/20_00539_6.png','','','',''),(32,'http://www.foodsafetykorea.go.kr/uploadimg/cook/10_00540_1.png','http://www.foodsafetykorea.go.kr/uploadimg/cook/20_00540_1.png','http://www.foodsafetykorea.go.kr/uploadimg/cook/20_00540_2.png','http://www.foodsafetykorea.go.kr/uploadimg/cook/20_00540_3.png','http://www.foodsafetykorea.go.kr/uploadimg/cook/20_00540_4.png','http://www.foodsafetykorea.go.kr/uploadimg/cook/20_00540_5.png','http://www.foodsafetykorea.go.kr/uploadimg/cook/20_00540_6.png','','','',''),(33,'http://www.foodsafetykorea.go.kr/uploadimg/cook/10_00571_1.png','http://www.foodsafetykorea.go.kr/uploadimg/cook/20_00571_1.png','http://www.foodsafetykorea.go.kr/uploadimg/cook/20_00571_2.png','http://www.foodsafetykorea.go.kr/uploadimg/cook/20_00571_3.png','http://www.foodsafetykorea.go.kr/uploadimg/cook/20_00571_4.png','http://www.foodsafetykorea.go.kr/uploadimg/cook/20_00571_5.png','http://www.foodsafetykorea.go.kr/uploadimg/cook/20_00571_6.png','','','',''),(34,'http://www.foodsafetykorea.go.kr/uploadimg/cook/10_00572_1.png','http://www.foodsafetykorea.go.kr/uploadimg/cook/20_00572_1.png','http://www.foodsafetykorea.go.kr/uploadimg/cook/20_00572_2.png','http://www.foodsafetykorea.go.kr/uploadimg/cook/20_00572_3.png','http://www.foodsafetykorea.go.kr/uploadimg/cook/20_00572_4.png','http://www.foodsafetykorea.go.kr/uploadimg/cook/20_00572_5.png','http://www.foodsafetykorea.go.kr/uploadimg/cook/20_00572_6.png','','','',''),(35,'http://www.foodsafetykorea.go.kr/uploadimg/cook/10_00573_1.png','http://www.foodsafetykorea.go.kr/uploadimg/cook/20_00573_1.png','http://www.foodsafetykorea.go.kr/uploadimg/cook/20_00573_2.png','http://www.foodsafetykorea.go.kr/uploadimg/cook/20_00573_3.png','http://www.foodsafetykorea.go.kr/uploadimg/cook/20_00573_4.png','http://www.foodsafetykorea.go.kr/uploadimg/cook/20_00573_5.png','http://www.foodsafetykorea.go.kr/uploadimg/cook/20_00573_6.png','','','',''),(36,'http://www.foodsafetykorea.go.kr/uploadimg/cook/10_00578_1.png','http://www.foodsafetykorea.go.kr/uploadimg/cook/20_00578_1.png','http://www.foodsafetykorea.go.kr/uploadimg/cook/20_00578_2.png','http://www.foodsafetykorea.go.kr/uploadimg/cook/20_00578_3.png','http://www.foodsafetykorea.go.kr/uploadimg/cook/20_00578_4.png','http://www.foodsafetykorea.go.kr/uploadimg/cook/20_00578_5.png','http://www.foodsafetykorea.go.kr/uploadimg/cook/20_00578_6.png','','','',''),(37,'http://www.foodsafetykorea.go.kr/uploadimg/cook/10_00579_1.png','http://www.foodsafetykorea.go.kr/uploadimg/cook/20_00579_1.png','http://www.foodsafetykorea.go.kr/uploadimg/cook/20_00579_2.png','http://www.foodsafetykorea.go.kr/uploadimg/cook/20_00579_3.png','http://www.foodsafetykorea.go.kr/uploadimg/cook/20_00579_4.png','http://www.foodsafetykorea.go.kr/uploadimg/cook/20_00579_5.png','http://www.foodsafetykorea.go.kr/uploadimg/cook/20_00579_6.png','','','',''),(38,'http://www.foodsafetykorea.go.kr/uploadimg/cook/10_00329_1.png','http://www.foodsafetykorea.go.kr/uploadimg/cook/20_00329_01.png','http://www.foodsafetykorea.go.kr/uploadimg/cook/20_00329_02.png','http://www.foodsafetykorea.go.kr/uploadimg/cook/20_00329_03.png','http://www.foodsafetykorea.go.kr/uploadimg/cook/20_00329_04.png','http://www.foodsafetykorea.go.kr/uploadimg/cook/20_00329_05.png','http://www.foodsafetykorea.go.kr/uploadimg/cook/20_00329_06.png','','','',''),(39,'http://www.foodsafetykorea.go.kr/uploadimg/cook/10_00330_1.png','http://www.foodsafetykorea.go.kr/uploadimg/cook/20_00330_01.png','http://www.foodsafetykorea.go.kr/uploadimg/cook/20_00330_02.png','http://www.foodsafetykorea.go.kr/uploadimg/cook/20_00330_03.png','http://www.foodsafetykorea.go.kr/uploadimg/cook/20_00330_04.png','http://www.foodsafetykorea.go.kr/uploadimg/cook/20_00330_05.png','http://www.foodsafetykorea.go.kr/uploadimg/cook/20_00330_06.png','','','',''),(40,'http://www.foodsafetykorea.go.kr/uploadimg/cook/10_00331_1.png','http://www.foodsafetykorea.go.kr/uploadimg/cook/20_00331_01.png','http://www.foodsafetykorea.go.kr/uploadimg/cook/20_00331_02.png','http://www.foodsafetykorea.go.kr/uploadimg/cook/20_00331_03.png','http://www.foodsafetykorea.go.kr/uploadimg/cook/20_00331_04.png','http://www.foodsafetykorea.go.kr/uploadimg/cook/20_00331_05.png','http://www.foodsafetykorea.go.kr/uploadimg/cook/20_00331_06.png','','','',''),(41,'http://www.foodsafetykorea.go.kr/uploadimg/cook/10_00332_1.png','http://www.foodsafetykorea.go.kr/uploadimg/cook/20_00332_01.png','http://www.foodsafetykorea.go.kr/uploadimg/cook/20_00332_02.png','http://www.foodsafetykorea.go.kr/uploadimg/cook/20_00332_03.png','http://www.foodsafetykorea.go.kr/uploadimg/cook/20_00332_04.png','http://www.foodsafetykorea.go.kr/uploadimg/cook/20_00332_05.png','http://www.foodsafetykorea.go.kr/uploadimg/cook/20_00332_06.png','','','',''),(42,'http://www.foodsafetykorea.go.kr/uploadimg/cook/10_00367_1.png','http://www.foodsafetykorea.go.kr/uploadimg/cook/20_00367_01.png','http://www.foodsafetykorea.go.kr/uploadimg/cook/20_00367_02.png','http://www.foodsafetykorea.go.kr/uploadimg/cook/20_00367_03.png','http://www.foodsafetykorea.go.kr/uploadimg/cook/20_00367_04.png','http://www.foodsafetykorea.go.kr/uploadimg/cook/20_00367_05.png','http://www.foodsafetykorea.go.kr/uploadimg/cook/20_00367_06.png','','','',''),(43,'http://www.foodsafetykorea.go.kr/uploadimg/cook/10_00369_1.png','http://www.foodsafetykorea.go.kr/uploadimg/cook/20_00369_01.png','http://www.foodsafetykorea.go.kr/uploadimg/cook/20_00369_02.png','http://www.foodsafetykorea.go.kr/uploadimg/cook/20_00369_03.png','http://www.foodsafetykorea.go.kr/uploadimg/cook/20_00369_04.png','','','','','',''),(44,'http://www.foodsafetykorea.go.kr/uploadimg/cook/10_00480_1.png','http://www.foodsafetykorea.go.kr/uploadimg/cook/20_00480_1.png','http://www.foodsafetykorea.go.kr/uploadimg/cook/20_00480_2.png','http://www.foodsafetykorea.go.kr/uploadimg/cook/20_00480_3.png','http://www.foodsafetykorea.go.kr/uploadimg/cook/20_00480_4.png','http://www.foodsafetykorea.go.kr/uploadimg/cook/20_00480_5.png','http://www.foodsafetykorea.go.kr/uploadimg/cook/20_00480_6.png','','','',''),(45,'http://www.foodsafetykorea.go.kr/uploadimg/cook/10_00481_1.png','http://www.foodsafetykorea.go.kr/uploadimg/cook/20_00481_1.png','http://www.foodsafetykorea.go.kr/uploadimg/cook/20_00481_2.png','http://www.foodsafetykorea.go.kr/uploadimg/cook/20_00481_3.png','http://www.foodsafetykorea.go.kr/uploadimg/cook/20_00481_4.png','http://www.foodsafetykorea.go.kr/uploadimg/cook/20_00481_5.png','http://www.foodsafetykorea.go.kr/uploadimg/cook/20_00481_6.png','','','',''),(46,'http://www.foodsafetykorea.go.kr/uploadimg/cook/10_00482_1.png','http://www.foodsafetykorea.go.kr/uploadimg/cook/20_00482_1.png','http://www.foodsafetykorea.go.kr/uploadimg/cook/20_00482_2.png','http://www.foodsafetykorea.go.kr/uploadimg/cook/20_00482_3.png','http://www.foodsafetykorea.go.kr/uploadimg/cook/20_00482_4.png','http://www.foodsafetykorea.go.kr/uploadimg/cook/20_00482_5.png','http://www.foodsafetykorea.go.kr/uploadimg/cook/20_00482_6.png','','','',''),(47,'http://www.foodsafetykorea.go.kr/uploadimg/cook/10_00117_1.png','http://www.foodsafetykorea.go.kr/uploadimg/cook/20_00117_1.png','','http://www.foodsafetykorea.go.kr/uploadimg/cook/20_00117_3.png','','http://www.foodsafetykorea.go.kr/uploadimg/cook/20_00117_5.png','','','','',''),(48,'http://www.foodsafetykorea.go.kr/uploadimg/cook/10_00118_1.png','http://www.foodsafetykorea.go.kr/uploadimg/cook/20_00118_1.png','http://www.foodsafetykorea.go.kr/uploadimg/cook/20_00118_2.png','','','http://www.foodsafetykorea.go.kr/uploadimg/cook/20_00118_5.png','','','','',''),(49,'http://www.foodsafetykorea.go.kr/uploadimg/cook/10_00120_1.png','http://www.foodsafetykorea.go.kr/uploadimg/cook/20_00120_1.png','http://www.foodsafetykorea.go.kr/uploadimg/cook/20_00120_2.png','http://www.foodsafetykorea.go.kr/uploadimg/cook/20_00120_3.png','','','','','','',''),(50,'http://www.foodsafetykorea.go.kr/uploadimg/cook/10_00121_1.png','http://www.foodsafetykorea.go.kr/uploadimg/cook/20_00121_1.png','http://www.foodsafetykorea.go.kr/uploadimg/cook/20_00121_2.png','http://www.foodsafetykorea.go.kr/uploadimg/cook/20_00121_3.png','','','','','','',''),(51,'http://www.foodsafetykorea.go.kr/uploadimg/cook/10_00210_1.png','http://www.foodsafetykorea.go.kr/uploadimg/cook/20_00210_1.png','http://www.foodsafetykorea.go.kr/uploadimg/cook/20_00210_2.png','','http://www.foodsafetykorea.go.kr/uploadimg/cook/20_00210_4.png','','','','','',''),(52,'http://www.foodsafetykorea.go.kr/uploadimg/cook/10_00211_1.png','http://www.foodsafetykorea.go.kr/uploadimg/cook/20_00211_1.png','','http://www.foodsafetykorea.go.kr/uploadimg/cook/20_00211_3.png','http://www.foodsafetykorea.go.kr/uploadimg/cook/20_00211_4.png','','','','','',''),(53,'http://www.foodsafetykorea.go.kr/uploadimg/cook/10_00212_1.png','http://www.foodsafetykorea.go.kr/uploadimg/cook/20_00212_1.png','http://www.foodsafetykorea.go.kr/uploadimg/cook/20_00212_2.png','http://www.foodsafetykorea.go.kr/uploadimg/cook/20_00212_3.png','','','','','','',''),(54,'http://www.foodsafetykorea.go.kr/uploadimg/cook/10_00213_1.png','http://www.foodsafetykorea.go.kr/uploadimg/cook/20_00213_1.png','','','http://www.foodsafetykorea.go.kr/uploadimg/cook/20_00213_4.png','http://www.foodsafetykorea.go.kr/uploadimg/cook/20_00213_5.png','','','','',''),(55,'http://www.foodsafetykorea.go.kr/uploadimg/cook/10_00215_1.png','http://www.foodsafetykorea.go.kr/uploadimg/cook/20_00215_1.png','http://www.foodsafetykorea.go.kr/uploadimg/cook/20_00215_2.png','http://www.foodsafetykorea.go.kr/uploadimg/cook/20_00215_3.png','http://www.foodsafetykorea.go.kr/uploadimg/cook/20_00215_4.png','http://www.foodsafetykorea.go.kr/uploadimg/cook/20_00215_5.png','','','','',''),(56,'http://www.foodsafetykorea.go.kr/uploadimg/cook/10_00216_1.png','http://www.foodsafetykorea.go.kr/uploadimg/cook/20_00216_1.png','http://www.foodsafetykorea.go.kr/uploadimg/cook/20_00216_2.png','http://www.foodsafetykorea.go.kr/uploadimg/cook/20_00216_3.png','http://www.foodsafetykorea.go.kr/uploadimg/cook/20_00216_4.png','http://www.foodsafetykorea.go.kr/uploadimg/cook/20_00216_5.png','','','','',''),(57,'http://www.foodsafetykorea.go.kr/uploadimg/cook/10_00322_1.png','http://www.foodsafetykorea.go.kr/uploadimg/cook/20_00322_01.png','http://www.foodsafetykorea.go.kr/uploadimg/cook/20_00322_02.png','http://www.foodsafetykorea.go.kr/uploadimg/cook/20_00322_03.png','http://www.foodsafetykorea.go.kr/uploadimg/cook/20_00322_04.png','http://www.foodsafetykorea.go.kr/uploadimg/cook/20_00322_05.png','http://www.foodsafetykorea.go.kr/uploadimg/cook/20_00322_06.png','','','',''),(58,'http://www.foodsafetykorea.go.kr/uploadimg/cook/10_00323_1.png','http://www.foodsafetykorea.go.kr/uploadimg/cook/20_00323_01.png','http://www.foodsafetykorea.go.kr/uploadimg/cook/20_00323_02.png','http://www.foodsafetykorea.go.kr/uploadimg/cook/20_00323_03.png','http://www.foodsafetykorea.go.kr/uploadimg/cook/20_00323_04.png','http://www.foodsafetykorea.go.kr/uploadimg/cook/20_00323_05.png','','','','',''),(59,'http://www.foodsafetykorea.go.kr/uploadimg/cook/10_00324_1.png','http://www.foodsafetykorea.go.kr/uploadimg/cook/20_00324_01.png','http://www.foodsafetykorea.go.kr/uploadimg/cook/20_00324_02.png','http://www.foodsafetykorea.go.kr/uploadimg/cook/20_00324_03.png','http://www.foodsafetykorea.go.kr/uploadimg/cook/20_00324_04.png','http://www.foodsafetykorea.go.kr/uploadimg/cook/20_00324_05.png','http://www.foodsafetykorea.go.kr/uploadimg/cook/20_00324_06.png','','','',''),(60,'http://www.foodsafetykorea.go.kr/uploadimg/cook/10_00146_1.png','http://www.foodsafetykorea.go.kr/uploadimg/cook/20_00146_1.png','http://www.foodsafetykorea.go.kr/uploadimg/cook/20_00146_2.png','','http://www.foodsafetykorea.go.kr/uploadimg/cook/20_00146_4.png','','','','','',''),(61,'http://www.foodsafetykorea.go.kr/uploadimg/cook/10_00147_1.png','http://www.foodsafetykorea.go.kr/uploadimg/cook/20_00147_1.png','','','http://www.foodsafetykorea.go.kr/uploadimg/cook/20_00147_4.png','','','','http://www.foodsafetykorea.go.kr/uploadimg/cook/20_00147_8.png','',''),(62,'http://www.foodsafetykorea.go.kr/uploadimg/cook/10_00140_1.png','http://www.foodsafetykorea.go.kr/uploadimg/cook/20_00140_1.png','http://www.foodsafetykorea.go.kr/uploadimg/cook/20_00140_2.png','http://www.foodsafetykorea.go.kr/uploadimg/cook/20_00140_3.png','','','','','','',''),(63,'http://www.foodsafetykorea.go.kr/uploadimg/cook/10_00141_1.png','http://www.foodsafetykorea.go.kr/uploadimg/cook/20_00141_1.png','http://www.foodsafetykorea.go.kr/uploadimg/cook/20_00141_2.png','http://www.foodsafetykorea.go.kr/uploadimg/cook/20_00141_3.png','','','','','','',''),(64,'http://www.foodsafetykorea.go.kr/uploadimg/cook/10_00241_1.png','http://www.foodsafetykorea.go.kr/uploadimg/cook/20_00241_1.png','http://www.foodsafetykorea.go.kr/uploadimg/cook/20_00241_2.png','http://www.foodsafetykorea.go.kr/uploadimg/cook/20_00241_3.png','http://www.foodsafetykorea.go.kr/uploadimg/cook/20_00241_4.png','http://www.foodsafetykorea.go.kr/uploadimg/cook/20_00241_5.png','http://www.foodsafetykorea.go.kr/uploadimg/cook/20_00241_6.png','','','',''),(65,'http://www.foodsafetykorea.go.kr/uploadimg/cook/10_00242_1.png','http://www.foodsafetykorea.go.kr/uploadimg/cook/20_00242_1.png','http://www.foodsafetykorea.go.kr/uploadimg/cook/20_00242_2.png','http://www.foodsafetykorea.go.kr/uploadimg/cook/20_00242_3.png','http://www.foodsafetykorea.go.kr/uploadimg/cook/20_00242_4.png','http://www.foodsafetykorea.go.kr/uploadimg/cook/20_00242_5.png','http://www.foodsafetykorea.go.kr/uploadimg/cook/20_00242_6.png','','','',''),(66,'http://www.foodsafetykorea.go.kr/uploadimg/cook/10_00243_1.png','http://www.foodsafetykorea.go.kr/uploadimg/cook/20_00243_1.png','http://www.foodsafetykorea.go.kr/uploadimg/cook/20_00243_2.png','http://www.foodsafetykorea.go.kr/uploadimg/cook/20_00243_3.png','http://www.foodsafetykorea.go.kr/uploadimg/cook/20_00243_4.png','http://www.foodsafetykorea.go.kr/uploadimg/cook/20_00243_5.png','http://www.foodsafetykorea.go.kr/uploadimg/cook/20_00243_6.png','','','',''),(67,'http://www.foodsafetykorea.go.kr/uploadimg/cook/10_00340_1.png','http://www.foodsafetykorea.go.kr/uploadimg/cook/20_00340_01.png','http://www.foodsafetykorea.go.kr/uploadimg/cook/20_00340_02.png','http://www.foodsafetykorea.go.kr/uploadimg/cook/20_00340_03.png','http://www.foodsafetykorea.go.kr/uploadimg/cook/20_00340_04.png','http://www.foodsafetykorea.go.kr/uploadimg/cook/20_00340_05.png','http://www.foodsafetykorea.go.kr/uploadimg/cook/20_00340_06.png','','','',''),(68,'http://www.foodsafetykorea.go.kr/uploadimg/cook/10_00341_1.png','http://www.foodsafetykorea.go.kr/uploadimg/cook/20_00341_01.png','http://www.foodsafetykorea.go.kr/uploadimg/cook/20_00341_02.png','http://www.foodsafetykorea.go.kr/uploadimg/cook/20_00341_03.png','http://www.foodsafetykorea.go.kr/uploadimg/cook/20_00341_04.png','http://www.foodsafetykorea.go.kr/uploadimg/cook/20_00341_05.png','http://www.foodsafetykorea.go.kr/uploadimg/cook/20_00341_06.png','','','',''),(69,'http://www.foodsafetykorea.go.kr/uploadimg/cook/10_00342_1.png','http://www.foodsafetykorea.go.kr/uploadimg/cook/20_00342_01.png','http://www.foodsafetykorea.go.kr/uploadimg/cook/20_00342_02.png','http://www.foodsafetykorea.go.kr/uploadimg/cook/20_00342_03.png','http://www.foodsafetykorea.go.kr/uploadimg/cook/20_00342_04.png','http://www.foodsafetykorea.go.kr/uploadimg/cook/20_00342_05.png','http://www.foodsafetykorea.go.kr/uploadimg/cook/20_00342_06.png','','','',''),(70,'http://www.foodsafetykorea.go.kr/uploadimg/cook/10_00343_1.png','http://www.foodsafetykorea.go.kr/uploadimg/cook/20_00343_01.png','http://www.foodsafetykorea.go.kr/uploadimg/cook/20_00343_02.png','http://www.foodsafetykorea.go.kr/uploadimg/cook/20_00343_03.png','http://www.foodsafetykorea.go.kr/uploadimg/cook/20_00343_04.png','http://www.foodsafetykorea.go.kr/uploadimg/cook/20_00343_05.png','','','','',''),(71,'http://www.foodsafetykorea.go.kr/uploadimg/cook/10_00486_1.png','http://www.foodsafetykorea.go.kr/uploadimg/cook/20_00486_1.png','http://www.foodsafetykorea.go.kr/uploadimg/cook/20_00486_2.png','http://www.foodsafetykorea.go.kr/uploadimg/cook/20_00486_3.png','http://www.foodsafetykorea.go.kr/uploadimg/cook/20_00486_4.png','http://www.foodsafetykorea.go.kr/uploadimg/cook/20_00486_5.png','http://www.foodsafetykorea.go.kr/uploadimg/cook/20_00486_6.png','','','',''),(72,'http://www.foodsafetykorea.go.kr/uploadimg/cook/10_00487_1.png','http://www.foodsafetykorea.go.kr/uploadimg/cook/20_00487_1.png','http://www.foodsafetykorea.go.kr/uploadimg/cook/20_00487_2.png','http://www.foodsafetykorea.go.kr/uploadimg/cook/20_00487_3.png','http://www.foodsafetykorea.go.kr/uploadimg/cook/20_00487_4.png','http://www.foodsafetykorea.go.kr/uploadimg/cook/20_00487_5.png','http://www.foodsafetykorea.go.kr/uploadimg/cook/20_00487_6.png','','','',''),(73,'http://www.foodsafetykorea.go.kr/uploadimg/cook/10_00488_1.png','http://www.foodsafetykorea.go.kr/uploadimg/cook/20_00488_1.png','http://www.foodsafetykorea.go.kr/uploadimg/cook/20_00488_2.png','http://www.foodsafetykorea.go.kr/uploadimg/cook/20_00488_3.png','http://www.foodsafetykorea.go.kr/uploadimg/cook/20_00488_4.png','http://www.foodsafetykorea.go.kr/uploadimg/cook/20_00488_5.png','http://www.foodsafetykorea.go.kr/uploadimg/cook/20_00488_6.png','','','',''),(74,'http://www.foodsafetykorea.go.kr/uploadimg/cook/10_00489_1.png','http://www.foodsafetykorea.go.kr/uploadimg/cook/20_00489_1.png','http://www.foodsafetykorea.go.kr/uploadimg/cook/20_00489_2.png','http://www.foodsafetykorea.go.kr/uploadimg/cook/20_00489_3.png','http://www.foodsafetykorea.go.kr/uploadimg/cook/20_00489_4.png','http://www.foodsafetykorea.go.kr/uploadimg/cook/20_00489_5.png','http://www.foodsafetykorea.go.kr/uploadimg/cook/20_00489_6.png','','','',''),(75,'http://www.foodsafetykorea.go.kr/uploadimg/cook/10_00516_1.png','http://www.foodsafetykorea.go.kr/uploadimg/cook/20_00516_1.png','http://www.foodsafetykorea.go.kr/uploadimg/cook/20_00516_2.png','http://www.foodsafetykorea.go.kr/uploadimg/cook/20_00516_3.png','http://www.foodsafetykorea.go.kr/uploadimg/cook/20_00516_4.png','http://www.foodsafetykorea.go.kr/uploadimg/cook/20_00516_5.png','http://www.foodsafetykorea.go.kr/uploadimg/cook/20_00516_6.png','','','',''),(76,'http://www.foodsafetykorea.go.kr/uploadimg/cook/10_00517_1.png','http://www.foodsafetykorea.go.kr/uploadimg/cook/20_00517_1.png','http://www.foodsafetykorea.go.kr/uploadimg/cook/20_00517_2.png','http://www.foodsafetykorea.go.kr/uploadimg/cook/20_00517_3.png','http://www.foodsafetykorea.go.kr/uploadimg/cook/20_00517_4.png','http://www.foodsafetykorea.go.kr/uploadimg/cook/20_00517_5.png','http://www.foodsafetykorea.go.kr/uploadimg/cook/20_00517_6.png','','','',''),(77,'http://www.foodsafetykorea.go.kr/uploadimg/cook/10_00518_1.png','http://www.foodsafetykorea.go.kr/uploadimg/cook/20_00518_1.png','http://www.foodsafetykorea.go.kr/uploadimg/cook/20_00518_2.png','http://www.foodsafetykorea.go.kr/uploadimg/cook/20_00518_3.png','http://www.foodsafetykorea.go.kr/uploadimg/cook/20_00518_4.png','http://www.foodsafetykorea.go.kr/uploadimg/cook/20_00517_5.png','http://www.foodsafetykorea.go.kr/uploadimg/cook/20_00518_6.png','','','',''),(78,'http://www.foodsafetykorea.go.kr/uploadimg/cook/10_00529_1.png','http://www.foodsafetykorea.go.kr/uploadimg/cook/20_00529_1.png','http://www.foodsafetykorea.go.kr/uploadimg/cook/20_00529_2.png','http://www.foodsafetykorea.go.kr/uploadimg/cook/20_00529_3.png','http://www.foodsafetykorea.go.kr/uploadimg/cook/20_00529_4.png','http://www.foodsafetykorea.go.kr/uploadimg/cook/20_00529_5.png','http://www.foodsafetykorea.go.kr/uploadimg/cook/20_00529_6.png','','','',''),(79,'http://www.foodsafetykorea.go.kr/uploadimg/cook/10_00434_1.png','http://www.foodsafetykorea.go.kr/uploadimg/cook/20_00434_1.png','http://www.foodsafetykorea.go.kr/uploadimg/cook/20_00434_2.png','http://www.foodsafetykorea.go.kr/uploadimg/cook/20_00434_3.png','http://www.foodsafetykorea.go.kr/uploadimg/cook/20_00434_4.png','http://www.foodsafetykorea.go.kr/uploadimg/cook/20_00434_5.png','http://www.foodsafetykorea.go.kr/uploadimg/cook/20_00434_6.png','','','',''),(80,'http://www.foodsafetykorea.go.kr/uploadimg/cook/10_00435_1.png','http://www.foodsafetykorea.go.kr/uploadimg/cook/20_00435_1.png','http://www.foodsafetykorea.go.kr/uploadimg/cook/20_00435_2.png','http://www.foodsafetykorea.go.kr/uploadimg/cook/20_00435_3.png','http://www.foodsafetykorea.go.kr/uploadimg/cook/20_00435_4.png','http://www.foodsafetykorea.go.kr/uploadimg/cook/20_00435_5.png','http://www.foodsafetykorea.go.kr/uploadimg/cook/20_00435_6.png','','','',''),(81,'http://www.foodsafetykorea.go.kr/uploadimg/cook/10_00436_1.png','http://www.foodsafetykorea.go.kr/uploadimg/cook/20_00436_1.png','http://www.foodsafetykorea.go.kr/uploadimg/cook/20_00436_2.png','http://www.foodsafetykorea.go.kr/uploadimg/cook/20_00436_3.png','http://www.foodsafetykorea.go.kr/uploadimg/cook/20_00436_4.png','http://www.foodsafetykorea.go.kr/uploadimg/cook/20_00436_5.png','http://www.foodsafetykorea.go.kr/uploadimg/cook/20_00436_6.png','','','',''),(82,'http://www.foodsafetykorea.go.kr/uploadimg/cook/10_00437_1.png','http://www.foodsafetykorea.go.kr/uploadimg/cook/20_00437_1.png','http://www.foodsafetykorea.go.kr/uploadimg/cook/20_00437_2.png','http://www.foodsafetykorea.go.kr/uploadimg/cook/20_00437_3.png','http://www.foodsafetykorea.go.kr/uploadimg/cook/20_00437_4.png','http://www.foodsafetykorea.go.kr/uploadimg/cook/20_00437_5.png','http://www.foodsafetykorea.go.kr/uploadimg/cook/20_00437_6.png','','','',''),(83,'http://www.foodsafetykorea.go.kr/uploadimg/cook/10_00438_1.png','http://www.foodsafetykorea.go.kr/uploadimg/cook/20_00438_1.png','http://www.foodsafetykorea.go.kr/uploadimg/cook/20_00438_2.png','http://www.foodsafetykorea.go.kr/uploadimg/cook/20_00438_3.png','http://www.foodsafetykorea.go.kr/uploadimg/cook/20_00438_4.png','http://www.foodsafetykorea.go.kr/uploadimg/cook/20_00438_5.png','http://www.foodsafetykorea.go.kr/uploadimg/cook/20_00438_6.png','','','',''),(84,'http://www.foodsafetykorea.go.kr/uploadimg/cook/10_00440_1.png','http://www.foodsafetykorea.go.kr/uploadimg/cook/20_00440_1.png','http://www.foodsafetykorea.go.kr/uploadimg/cook/20_00440_2.png','http://www.foodsafetykorea.go.kr/uploadimg/cook/20_00440_3.png','http://www.foodsafetykorea.go.kr/uploadimg/cook/20_00440_4.png','http://www.foodsafetykorea.go.kr/uploadimg/cook/20_00440_5.png','http://www.foodsafetykorea.go.kr/uploadimg/cook/20_00440_6.png','','','',''),(85,'http://www.foodsafetykorea.go.kr/uploadimg/cook/10_00544_1.png','http://www.foodsafetykorea.go.kr/uploadimg/cook/20_00544_1.png','http://www.foodsafetykorea.go.kr/uploadimg/cook/20_00544_2.png','http://www.foodsafetykorea.go.kr/uploadimg/cook/20_00544_3.png','http://www.foodsafetykorea.go.kr/uploadimg/cook/20_00544_4.png','http://www.foodsafetykorea.go.kr/uploadimg/cook/20_00544_5.png','http://www.foodsafetykorea.go.kr/uploadimg/cook/20_00544_6.png','','','',''),(86,'http://www.foodsafetykorea.go.kr/uploadimg/cook/10_00545_1.png','http://www.foodsafetykorea.go.kr/uploadimg/cook/20_00545_1.png','http://www.foodsafetykorea.go.kr/uploadimg/cook/20_00545_2.png','http://www.foodsafetykorea.go.kr/uploadimg/cook/20_00545_3.png','http://www.foodsafetykorea.go.kr/uploadimg/cook/20_00545_4.png','http://www.foodsafetykorea.go.kr/uploadimg/cook/20_00545_5.png','http://www.foodsafetykorea.go.kr/uploadimg/cook/20_00545_6.png','','','',''),(87,'http://www.foodsafetykorea.go.kr/uploadimg/cook/10_00601_1.png','http://www.foodsafetykorea.go.kr/uploadimg/cook/20_00601_1.png','http://www.foodsafetykorea.go.kr/uploadimg/cook/20_00601_2.png','http://www.foodsafetykorea.go.kr/uploadimg/cook/20_00601_3.png','http://www.foodsafetykorea.go.kr/uploadimg/cook/20_00601_4.png','http://www.foodsafetykorea.go.kr/uploadimg/cook/20_00601_5.png','http://www.foodsafetykorea.go.kr/uploadimg/cook/20_00601_6.png','','','',''),(88,'http://www.foodsafetykorea.go.kr/uploadimg/cook/10_00372_1.png','http://www.foodsafetykorea.go.kr/uploadimg/cook/20_00372_01.png','http://www.foodsafetykorea.go.kr/uploadimg/cook/20_00372_02.png','http://www.foodsafetykorea.go.kr/uploadimg/cook/20_00372_03.png','http://www.foodsafetykorea.go.kr/uploadimg/cook/20_00372_04.png','http://www.foodsafetykorea.go.kr/uploadimg/cook/20_00372_05.png','http://www.foodsafetykorea.go.kr/uploadimg/cook/20_00372_06.png','','','',''),(89,'http://www.foodsafetykorea.go.kr/uploadimg/cook/10_00373_1.png','http://www.foodsafetykorea.go.kr/uploadimg/cook/20_00373_01.png','http://www.foodsafetykorea.go.kr/uploadimg/cook/20_00373_02.png','http://www.foodsafetykorea.go.kr/uploadimg/cook/20_00373_03.png','http://www.foodsafetykorea.go.kr/uploadimg/cook/20_00373_04.png','http://www.foodsafetykorea.go.kr/uploadimg/cook/20_00373_05.png','http://www.foodsafetykorea.go.kr/uploadimg/cook/20_00372_06.png','','','',''),(90,'http://www.foodsafetykorea.go.kr/uploadimg/20141117/20141117053445_1416213285199.jpg','http://www.foodsafetykorea.go.kr/uploadimg/cook/846-1.jpg','http://www.foodsafetykorea.go.kr/uploadimg/cook/846-2.jpg','http://www.foodsafetykorea.go.kr/uploadimg/cook/846-3.jpg','http://www.foodsafetykorea.go.kr/uploadimg/cook/846-4.jpg','http://www.foodsafetykorea.go.kr/uploadimg/cook/846-5.jpg','http://www.foodsafetykorea.go.kr/uploadimg/cook/846-6.jpg','','','',''),(91,'http://www.foodsafetykorea.go.kr/uploadimg/20141117/20141117053508_1416213308848.jpg','http://www.foodsafetykorea.go.kr/uploadimg/cook/872-1.jpg','http://www.foodsafetykorea.go.kr/uploadimg/cook/872-2.jpg','http://www.foodsafetykorea.go.kr/uploadimg/cook/872-3.jpg','http://www.foodsafetykorea.go.kr/uploadimg/cook/872-4.jpg','http://www.foodsafetykorea.go.kr/uploadimg/cook/872-5.jpg','http://www.foodsafetykorea.go.kr/uploadimg/cook/872-6.jpg','','','',''),(92,'http://www.foodsafetykorea.go.kr/uploadimg/20141117/20141117053510_1416213310332.jpg','http://www.foodsafetykorea.go.kr/uploadimg/cook/873-1.jpg','http://www.foodsafetykorea.go.kr/uploadimg/cook/873-2.jpg','http://www.foodsafetykorea.go.kr/uploadimg/cook/873-3.jpg','http://www.foodsafetykorea.go.kr/uploadimg/cook/873-4.jpg','http://www.foodsafetykorea.go.kr/uploadimg/cook/873-5.jpg','http://www.foodsafetykorea.go.kr/uploadimg/cook/873-6.jpg','','','',''),(93,'http://www.foodsafetykorea.go.kr/uploadimg/20141117/20141117053511_1416213311553.jpg','http://www.foodsafetykorea.go.kr/uploadimg/cook/874-1.jpg','http://www.foodsafetykorea.go.kr/uploadimg/cook/874-2.jpg','http://www.foodsafetykorea.go.kr/uploadimg/cook/874-3.jpg','http://www.foodsafetykorea.go.kr/uploadimg/cook/874-4.jpg','http://www.foodsafetykorea.go.kr/uploadimg/cook/874-5.jpg','http://www.foodsafetykorea.go.kr/uploadimg/cook/874-6.jpg','','','',''),(94,'http://www.foodsafetykorea.go.kr/uploadimg/20141117/20141117053523_1416213323741.jpg','http://www.foodsafetykorea.go.kr/uploadimg/cook/887-1.jpg','http://www.foodsafetykorea.go.kr/uploadimg/cook/887-2.jpg','http://www.foodsafetykorea.go.kr/uploadimg/cook/887-3.jpg','http://www.foodsafetykorea.go.kr/uploadimg/cook/887-4.jpg','http://www.foodsafetykorea.go.kr/uploadimg/cook/887-5.jpg','http://www.foodsafetykorea.go.kr/uploadimg/cook/887-6.jpg','','','',''),(95,'http://www.foodsafetykorea.go.kr/uploadimg/20141117/20141117053530_1416213330214.jpg','http://www.foodsafetykorea.go.kr/uploadimg/cook/895-1.jpg','http://www.foodsafetykorea.go.kr/uploadimg/cook/895-2.jpg','http://www.foodsafetykorea.go.kr/uploadimg/cook/895-3.jpg','http://www.foodsafetykorea.go.kr/uploadimg/cook/895-4.jpg','http://www.foodsafetykorea.go.kr/uploadimg/cook/895-5.jpg','http://www.foodsafetykorea.go.kr/uploadimg/cook/895-6.jpg','','','',''),(96,'http://www.foodsafetykorea.go.kr/uploadimg/20141117/20141117053402_1416213242394.jpg','http://www.foodsafetykorea.go.kr/uploadimg/cook/809-1.jpg','http://www.foodsafetykorea.go.kr/uploadimg/cook/809-2.jpg','http://www.foodsafetykorea.go.kr/uploadimg/cook/809-3.jpg','http://www.foodsafetykorea.go.kr/uploadimg/cook/809-4.jpg','http://www.foodsafetykorea.go.kr/uploadimg/cook/809-5.jpg','http://www.foodsafetykorea.go.kr/uploadimg/cook/809-6.jpg','','','',''),(97,'http://www.foodsafetykorea.go.kr/uploadimg/20141117/20141117053404_1416213244017.jpg','http://www.foodsafetykorea.go.kr/uploadimg/cook/810-1.jpg','http://www.foodsafetykorea.go.kr/uploadimg/cook/810-2.jpg','http://www.foodsafetykorea.go.kr/uploadimg/cook/810-3.jpg','http://www.foodsafetykorea.go.kr/uploadimg/cook/810-4.jpg','http://www.foodsafetykorea.go.kr/uploadimg/cook/810-5.jpg','http://www.foodsafetykorea.go.kr/uploadimg/cook/810-6.jpg','','','',''),(98,'http://www.foodsafetykorea.go.kr/uploadimg/20141117/20141117053422_1416213262832.jpg','http://www.foodsafetykorea.go.kr/uploadimg/cook/822-1.jpg','http://www.foodsafetykorea.go.kr/uploadimg/cook/822-2.jpg','http://www.foodsafetykorea.go.kr/uploadimg/cook/822-3.jpg','http://www.foodsafetykorea.go.kr/uploadimg/cook/822-4.jpg','http://www.foodsafetykorea.go.kr/uploadimg/cook/822-5.jpg','http://www.foodsafetykorea.go.kr/uploadimg/cook/822-6.jpg','','','',''),(99,'http://www.foodsafetykorea.go.kr/uploadimg/20141117/20141117053427_1416213267031.jpg','http://www.foodsafetykorea.go.kr/uploadimg/cook/825-1.jpg','http://www.foodsafetykorea.go.kr/uploadimg/cook/825-2.jpg','http://www.foodsafetykorea.go.kr/uploadimg/cook/825-3.jpg','http://www.foodsafetykorea.go.kr/uploadimg/cook/825-4.jpg','http://www.foodsafetykorea.go.kr/uploadimg/cook/825-5.jpg','http://www.foodsafetykorea.go.kr/uploadimg/cook/825-6.jpg','','','',''),(100,'http://www.foodsafetykorea.go.kr/uploadimg/20141117/20141117053434_1416213274929.jpg','http://www.foodsafetykorea.go.kr/uploadimg/cook/833-1.jpg','http://www.foodsafetykorea.go.kr/uploadimg/cook/833-2.jpg','http://www.foodsafetykorea.go.kr/uploadimg/cook/833-3.jpg','http://www.foodsafetykorea.go.kr/uploadimg/cook/833-4.jpg','http://www.foodsafetykorea.go.kr/uploadimg/cook/833-5.jpg','http://www.foodsafetykorea.go.kr/uploadimg/cook/833-6.jpg','','','',''),(101,'http://www.foodsafetykorea.go.kr/uploadimg/20141117/20141117053437_1416213277879.jpg','http://www.foodsafetykorea.go.kr/uploadimg/cook/837-1.jpg','http://www.foodsafetykorea.go.kr/uploadimg/cook/837-2.jpg','http://www.foodsafetykorea.go.kr/uploadimg/cook/837-3.jpg','http://www.foodsafetykorea.go.kr/uploadimg/cook/837-4.jpg','http://www.foodsafetykorea.go.kr/uploadimg/cook/837-5.jpg','http://www.foodsafetykorea.go.kr/uploadimg/cook/837-6.jpg','','','',''),(102,'http://www.foodsafetykorea.go.kr/uploadimg/20141117/20141117053441_1416213281171.jpg','http://www.foodsafetykorea.go.kr/uploadimg/cook/841-1.jpg','http://www.foodsafetykorea.go.kr/uploadimg/cook/841-2.jpg','http://www.foodsafetykorea.go.kr/uploadimg/cook/841-3.jpg','http://www.foodsafetykorea.go.kr/uploadimg/cook/841-4.jpg','http://www.foodsafetykorea.go.kr/uploadimg/cook/841-5.jpg','http://www.foodsafetykorea.go.kr/uploadimg/cook/841-6.jpg','','','',''),(103,'http://www.foodsafetykorea.go.kr/uploadimg/20141117/20141117053442_1416213282171.jpg','http://www.foodsafetykorea.go.kr/uploadimg/cook/842-1.jpg','http://www.foodsafetykorea.go.kr/uploadimg/cook/842-2.jpg','http://www.foodsafetykorea.go.kr/uploadimg/cook/842-3.jpg','http://www.foodsafetykorea.go.kr/uploadimg/cook/842-4.jpg','http://www.foodsafetykorea.go.kr/uploadimg/cook/842-5.jpg','http://www.foodsafetykorea.go.kr/uploadimg/cook/842-6.jpg','','','','');
/*!40000 ALTER TABLE `recipe_link` ENABLE KEYS */;
UNLOCK TABLES;

--
-- Table structure for table `user`
--

DROP TABLE IF EXISTS `user`;
/*!40101 SET @saved_cs_client     = @@character_set_client */;
/*!50503 SET character_set_client = utf8mb4 */;
CREATE TABLE `user` (
  `userId` varchar(20) NOT NULL,
  `userPwd` varchar(200) NOT NULL,
  `userNickname` varchar(20) NOT NULL,
  `userPhone` varchar(11) DEFAULT NULL,
  `userEmail` varchar(50) NOT NULL,
  `userZipcode` varchar(7) DEFAULT NULL,
  `userAddr1` varchar(100) DEFAULT NULL,
  `userAddr2` varchar(30) DEFAULT NULL,
  `userAuth` varchar(50) DEFAULT NULL,
  `regdate` datetime DEFAULT NULL,
  `modifiedDate` datetime DEFAULT NULL,
  PRIMARY KEY (`userId`),
  UNIQUE KEY `userId` (`userId`),
  UNIQUE KEY `userNickname` (`userNickname`),
  UNIQUE KEY `userEmail` (`userEmail`)
) ENGINE=InnoDB DEFAULT CHARSET=utf8mb4 COLLATE=utf8mb4_0900_ai_ci;
/*!40101 SET character_set_client = @saved_cs_client */;

--
-- Dumping data for table `user`
--

LOCK TABLES `user` WRITE;
/*!40000 ALTER TABLE `user` DISABLE KEYS */;
INSERT INTO `user` VALUES ('1234','$2a$10$2mOAEZs6bz33V9xd9p8b2.40DvXmQCsgVigl1rHGiXy9aIh4kbP.i','닉네임변경',NULL,'12333@naver.com',NULL,NULL,NULL,'USER','2022-04-28 16:10:38','2022-04-29 14:50:12'),('ab','$2a$10$03q.t9xYmF643BQtuMmJ9OjJBbhI7YYBMv6GHbiQVLCKInGXJ0Itu','abcdef',NULL,'abc@naver.com',NULL,NULL,NULL,'USER','2022-04-29 14:49:57',NULL),('admin','$2a$10$HzlquW4o6Y71/yddIzC8/OifrpGjhaf0iPMPbHSkXFPFocyJ5hh6a','admin',NULL,'admin@gola.com',NULL,NULL,NULL,'ADMIN','2022-04-26 15:17:16',NULL),('asdf1234','$2a$10$iJ5NNgWNo76HaP9V/uteEea960Xp//QpC/YuUsSVebsVB6JzIgGSm','asdf',NULL,'asdf@g.com',NULL,NULL,NULL,'USER','2022-04-29 14:45:30',NULL),('asdf12345','$2a$10$tyojo74.WWIwkKVNPk7OEuQDMcrWzCXWede3TYrDqIw1hlnzq1FXq','숙123',NULL,'fsadf@naver.com',NULL,NULL,NULL,'USER','2022-05-04 11:59:16',NULL),('cho1234','$2a$10$VAsaiTzHPESzuBlhZDFAAuZrYQNXna87AVcaKVq5G5cQrgb7hS1R6','조1111111111',NULL,'cho@a.com',NULL,NULL,NULL,'USER','2022-04-29 14:47:32',NULL),('gola','$2a$10$Bcj2V/RPY2xsIVSM7wHG7OFQSREPQbczbx9fmqTHkP3axplmEgPl.','골라',NULL,'gola@gola.com',NULL,NULL,NULL,'USER','2022-04-28 09:07:39',NULL),('gola2','$2a$10$GebpfpzYwplTZpJ.JVCINO912Z2Beb9ExXUUonNqLbnRn9dhBSVYC','gola',NULL,'gola2@gola.com',NULL,NULL,NULL,'USER','2022-04-29 12:50:12',NULL),('jaehong20','$2a$10$w1hWPwq.AgoLY8e1nzgDE.6LxTRtl9FhJLZ1ASOPlargbio5qHYse','정재홍',NULL,'jaehong2782@naver.com',NULL,NULL,NULL,'ADMIN','2022-04-27 22:33:06',NULL),('java','$2a$10$mlqQ8xs86g483Tn312o4Y.d9J8rjTEGAG2JZqlyx0VnFHSf7I/x3i','자바j',NULL,'java@java.com',NULL,NULL,NULL,'USER','2022-04-29 15:14:47',NULL),('martin1341','$2a$10$wsCSQnCVvGHLqTOkJcVpteNgeh3vw7RSfU.jUyni/27uKFcxEkWMO','kwon',NULL,'martin1341@naver.com',NULL,NULL,NULL,'ADMIN','2022-04-27 14:41:33','2022-04-28 16:49:25'),('moon0000','$2a$10$QvVuPXESbNnWf54zhE0Czub1e.OR9VD5V62mySO01FMXwjDAz6Kqi','fnffnfkfffk',NULL,'moons0927@naver.com',NULL,NULL,NULL,'USER','2022-04-29 14:51:37',NULL),('ojawl1204','$2a$10$bTC2FufwXxyCADKA8tmBIOkVfFjEwKvCLb8Xj0TXo0H67xg/5TskG','지혜',NULL,'1234@naver.com',NULL,NULL,NULL,'ADMIN','2022-04-26 15:19:59',NULL),('ojawl1204@gmail.com','$2a$10$51lHJiRMrkOMPO/vWPesm.Ofz77lB33A2Qit6L8BPGqEs8flehqAe','엄지혜',NULL,'ojawl1204@gmail.com',NULL,NULL,NULL,'USER','2022-04-29 14:55:30',NULL),('qwqw','$2a$10$ghAJN1tOjcDJWWNDLKqAIuhKUeBafLyod9wEWrM9RaZCgV7ekBOfu','1212',NULL,'1212@1212.com',NULL,NULL,NULL,'USER','2022-04-29 15:09:54',NULL),('test1122','$2a$10$8SfWqL2OWDmoc76hGSEs9Opc7YSHI5w1fNP/Cu/iElgHhkXRjfXki','김율리아',NULL,'test1122@na.cm',NULL,NULL,NULL,'ADMIN','2022-04-28 21:16:45',NULL),('test123','$2a$10$5CrY26u0bAYRqnaRAF5XdueoVypODl4o7J.aWUh9sNou3wkC.z3/C','test123',NULL,'test123@naveer.com',NULL,NULL,NULL,'USER','2022-04-29 06:45:59',NULL),('test4','$2a$10$gMIO14iGKIdfmsDNWG.fGOc1AYzYJo.TFhIPONCHgB0xOypp9oSVO','terst4',NULL,'test4@naver.com',NULL,NULL,NULL,'USER','2022-04-29 10:02:34',NULL),('test5','$2a$10$TKDB2zadpaPJNZEYopW5/.SGrr7ntI4pgIXsZgWcKpqgLeTnbggUm','test',NULL,'test@test.com',NULL,NULL,NULL,'USER','2022-05-04 14:32:09',NULL),('tkdalsgks','$2a$10$YSEMnbuhVTb6B2ZXni7r.eCl5y3F8WtKrdYdoiR0XGMrHuQZdzQ6C','한상민','01012345678','alstkdgks2@gmail.com',NULL,'강원도 원주시',NULL,'ADMIN','2022-04-28 15:47:30','2022-04-29 11:38:56');
/*!40000 ALTER TABLE `user` ENABLE KEYS */;
UNLOCK TABLES;
/*!40103 SET TIME_ZONE=@OLD_TIME_ZONE */;

/*!40101 SET SQL_MODE=@OLD_SQL_MODE */;
/*!40014 SET FOREIGN_KEY_CHECKS=@OLD_FOREIGN_KEY_CHECKS */;
/*!40014 SET UNIQUE_CHECKS=@OLD_UNIQUE_CHECKS */;
/*!40101 SET CHARACTER_SET_CLIENT=@OLD_CHARACTER_SET_CLIENT */;
/*!40101 SET CHARACTER_SET_RESULTS=@OLD_CHARACTER_SET_RESULTS */;
/*!40101 SET COLLATION_CONNECTION=@OLD_COLLATION_CONNECTION */;
/*!40111 SET SQL_NOTES=@OLD_SQL_NOTES */;

-- Dump completed on 2022-05-23  0:57:58
